FID,IID,PS_PL1,PS_PL2,PS_PL3,PS_PL4,PS_PL5,PS_PL6,PS_PL7,PS_PL8,SM_PL9,SM_PL10,SM_PL11,SM_PL12,SM_PL14,SM_PL16,SM_PL18,SM_PL19,SM_PL21,SM_PL22,SM_PL24,SM_PL25,PE_PL26,PE_PL27,PE_PL28,PE_PL30,PE_PL31,PC_PL33,PC_PL34,PC_PL35,PC_PL36,PC_PL37,PC_PL38,PC_PL39,PC_PL40,PC_PL43,PC_PL44,PI_PL46,PI_PL47,PI_PL48,PI_PL49,PI_PL50,PI_PL51,LPC_PL52,LPC_PL53,LPC_PL55,LPC_PL56,LaCer_PL57,LaCer_PL58,LaCer_PL59,LaCer_PL60,LaCer_PL61,LaCer_PL62,LaCer_PL64,LaCer_PL66,Glucer_PL67,Glucer_PL69,Glucer_PL70
313,313,2611327,5778710,4493105,15144944,14617370,5070786,6014597,3796063,12595090,5298555,9825698,55041511,18954079,34027944,4365129,45043297,3338457,39709161,5541683,21055734,8251641,31969675,26748793,37549075,70130098,26140997,121187471,30574745,51470608,109822725,33029422,64570873,129674532,31943830,49507828,5017599,6318682,6463185,1026369,1242996,961836,6959073,1333499,2255245,1433464,2203177,755153,1196881,1413574,1527225,3306574,3670918,2071740,1196500,1278749,654494
201,201,950654,3058922,3589796,13620682,18156904,4308116,6885939,4420371,11177794,4768664,8699417,49569283,21954647,38270235,5317858,51236269,5821979,43742459,5426737,26252286,3643529,12196357,19141646,21099248,60131143,14164119,59883505,15652137,24879426,49230180,9317909,24168963,88376905,19966176,48168183,1813838,4476932,4718630,917880,1166059,923317,5212143,1431139,10481842,1342743,787306,735389,1351532,1360858,1523298,2794296,2984323,1683935,1022639,1270501,639473
357,357,1518317,3598960,3142456,13067919,15781457,4531910,6825367,4439486,9960326,3530525,7078926,46922897,20163235,42255638,3638964,49020235,3131596,51495524,3652883,26145005,4739294,21700430,26614591,25683293,66171524,13284217,76631322,17850547,24552710,70090976,15773479,37889340,107820323,21424355,40182517,3171555,5675084,6031410,1015912,1216966,925705,3960381,1149247,1610718,1277090,464010,405998,536519,861105,778347,1579275,2060206,908669,767058,1048329,562753
116,116,3381091,5457265,6977133,18081570,12797846,6278164,5768041,6370661,12922847,6291560,10583547,58287272,18844233,43510386,3562584,52968682,3308989,59546809,3268126,27497690,7601071,34719070,24444885,43560626,62628990,43942776,164450924,37695458,44509553,118004985,22002329,63712034,117281423,26019128,34880902,4334600,7563646,7897411,1392417,2080149,1637153,8174346,1943534,2668550,1286214,1890520,565712,1956205,2060516,NA,4011183,5890899,2863805,1218082,1464058,836103
396,396,1585704,4534229,3393671,13379762,14372216,5106788,6309583,5733625,11217930,3393365,8806088,53778820,20976419,39803593,4129309,50177401,3602312,46754737,3950807,25738252,4756644,16767061,21971073,24848550,63447374,15232295,77656432,17640566,30756078,75966623,13566157,34556579,103590886,22726998,47386063,3069002,4924595,5745357,1176963,1724349,1260649,4130630,1043567,2447956,1054819,602335,556761,691644,1001190,897098,2101581,2476483,1247159,953058,1247052,693188
202,202,1120933,3569330,3795386,15277514,18386831,4665940,6658508,3268231,13841621,5138467,7954325,50525320,26695982,38640711,5196207,53477555,5332147,41042853,4693011,25792800,3348554,12531417,18988524,23381730,65981394,9007957,47683457,11212167,23076833,45966487,9427315,29090227,104156409,24680733,59686887,1870279,4426432,5875440,724705,970983,743692,3682101,861374,7805292,1244330,866837,973978,1464135,1431963,1284912,3282814,2945689,1750535,987168,1487092,650539
397,397,1788472,4434161,3103778,12089684,13912690,4451578,6328392,5155694,10295926,4422132,10142142,57185255,17132122,37467800,3415166,51268893,3596661,54078745,3945921,28618869,6798823,23699644,28445194,26874825,66285271,23852945,101747181,28167709,32715485,83433555,13706565,38539466,112912279,21214676,37298201,4240109,4875877,6941001,1008643,1380248,1155449,6209612,1534232,2597262,1587137,1040972,756853,1095825,1677003,1564007,3715272,4880393,2338131,764922,1109506,537073
118,118,1754529,3954496,6141410,18825066,17711220,5667664,7362349,6978681,14114090,5973930,13872912,83555721,18798146,43563403,3510343,64927867,3805890,79470312,3970513,35782813,5938489,28991150,25247870,40488685,71362080,24799841,118627092,33904606,34320006,126697549,20128205,51536661,127434924,27585528,42689654,4481352,6505795,7114341,1038610,1425278,1104193,11608185,2786285,3952132,2329049,1503055,497393,943097,1597182,1605522,3505032,6027276,2866660,1039915,1085636,671950
358,358,1985319,4110479,2951213,10962142,11125521,4157171,5031823,4436471,7847516,2880378,7005514,38121645,13231225,32004912,2668804,37337598,2430884,40471568,2839072,20745092,6455623,27424469,25480437,25085977,53785726,27440604,100068541,25521932,34113508,74882550,15585147,42610625,114780490,17851727,31325087,3792796,5058363,7298725,988227,1247052,1034313,4959972,1353180,1489516,1201581,778665,667004,1198339,1616571,1915796,2857848,3886014,1737906,1041862,1254715,718687
278,278,2737304,6219816,4645805,14503402,14915435,4855688,6328201,5121787,11207506,5545623,12574368,73664628,16295415,30916449,3525801,49995224,3570723,50231269,3848147,25174624,9445301,38987536,33573775,41553891,78207620,24645490,124120214,37861522,49527841,131395586,36281691,61957254,161043124,34875651,51383351,7407180,7839921,8799107,1006969,1190598,904987,13917722,2718337,4318588,2442092,1838745,540279,1057206,1143602,1394932,3463181,4224817,2073079,1608633,1729791,1022967
185,185,1306275,3935255,4442229,16871520,21597847,4949409,7491497,5037757,16501753,5455149,11284877,62709161,26753785,44399375,5736318,56324548,6142423,46725039,5233104,26988982,5460049,17141971,23097924,26201071,72810536,24448364,89312249,19737711,35746832,67825542,11125183,30051345,111084762,24734746,60914431,2767339,4897889,6163382,822291,864826,659183,5537831,1119479,5297923,1747080,1284248,1175300,1633937,2110895,1814473,4460333,4666351,2568842,1625530,1980235,822388
186,186,2149975,5049777,4820494,15992515,18247247,4938017,7015633,5118239,13062413,4903752,10578052,62031589,21271519,43113667,5507659,60745768,6426953,60672239,6042386,33244738,6936417,25770600,26356189,31607774,64681764,30100792,108167049,31054579,32963756,91726275,14274651,39102056,110874797,24890944,42842171,3749886,5495569,5983370,817142,918750,705685,17405930,3093712,6824172,4204583,1015454,754004,1157239,1573768,1509336,3637161,4401850,2243510,1488307,1583888,758121
243,243,1817590,3476100,4294386,14634641,15510120,4542840,5758568,5336776,13116174,5557757,8594716,50590843,21740447,36857651,3879281,49158542,2791613,41532848,3547446,22587413,6767373,28850059,27613254,35649201,71486265,34747568,141108763,30393380,44578456,115448986,34396100,62952729,149317889,31815221,53676344,6245657,8837961,12115932,1186434,1463971,1231826,17868323,2728354,4331338,3103561,1235910,1146412,2169692,1898686,2345079,4151786,4224941,2211153,1358934,1860482,950268
315,315,1868824,3794794,4116920,13574306,14016878,4656076,5883858,4778251,11379313,4083839,8767137,53079454,21498095,39455363,3535814,50568727,3096597,47093224,3346404,24645214,5777496,28224463,29469300,34663630,69408679,22675794,127236067,30849305,37335298,120874135,35679688,59300632,144254905,30973282,47800706,4563054,6775554,7272955,1134525,1439153,1177061,7663267,1583122,2316164,1297459,1037061,623237,921784,1178216,1199106,2686282,3059788,1524615,1028801,1393850,723135
359,359,2134570,4198216,3428042,12099414,12246133,4351836,5555166,4391595,10221584,4499849,9879172,49028351,15986790,39289948,3232662,48706616,3232553,53333560,3281685,26656453,8584038,33909329,28536457,31499825,60676233,23549391,95064834,24642623,33401601,75162323,17258878,45635297,98064424,21142755,31654402,4826381,5825471,6525293,898851,1009702,768127,3157120,1041883,1997321,881509,901270,628781,1261849,1533393,1967971,2995250,4148658,1901290,1086316,1327620,793818
122,122,2379354,5754523,5080103,17334721,18327600,5504971,6945879,7484102,14839239,5588824,10209186,70615053,24362171,47662311,4721746,62964468,3320405,60091372,5148053,35008721,5670116,25012219,29177394,33279459,68525145,19689227,104053701,20945644,29608020,95201200,15746558,46494315,123080838,25469688,40921077,3809680,5996940,7198808,1450381,2407673,1780191,10327201,2254013,3983153,1843164,1342445,814310,1444459,1714158,2025476,3539568,4834922,2924231,1641583,1894781,1203453
123,123,2177668,4761142,4817838,15584820,17703428,4859634,6998848,6332445,12936431,5395820,10513319,66994086,21112792,47332739,3804895,64001238,3870612,72506120,4014272,35235890,6588179,29068212,29301674,33582163,65368841,22059329,101462273,24258771,28051038,92736521,15658523,42367335,115842822,22736339,37743065,4152457,5687125,6564107,967346,1233261,1059953,24916247,5284112,5436600,4277177,1528937,660852,1304595,1680415,2110005,3534481,5579873,2626168,1739003,1745216,1016104
161,161,3545216,6228317,4842054,11688478,9502046,5087813,4672258,5639921,10867806,3567430,10227850,61906939,13895305,28213065,3849271,42757300,3852425,45744045,4492010,23343290,10802501,37157470,21421635,31152231,42857728,39633557,138381385,33067092,44113328,122507455,18575270,49531488,103905255,21404787,27649431,4209494,4507906,4009869,952718,955586,628161,17482564,4254259,3832089,2072878,1199418,707120,1083793,1700122,1556269,4049295,5209014,2520052,1387533,1496742,796553
124,124,2487209,5325489,5234441,15536043,16432467,4741053,6422440,4728691,12013936,6084459,11461838,69102492,16210694,40109976,3139103,56750665,3545150,68587198,3532067,32822101,8729001,33938147,30134905,37343827,71712224,31912396,122050576,29052202,37770174,104073680,19223808,50128957,117387179,25202559,39384023,5067428,6561436,7789552,1047680,1369613,1091365,7996767,1823748,4363246,1434668,1913418,727182,1735920,2170455,3099465,4611921,7715059,3862336,1563528,1501718,1005637
162,162,1600728,3636551,4018075,12700867,13928915,4369021,5794307,6336203,12955925,5106021,9827053,50308764,18338286,39188467,3604386,49652458,3088211,48754373,3512922,26303075,6238594,22313953,20965105,26798219,53762176,26489617,97094586,22618771,29889122,75839772,14061412,40286057,98932339,22461877,39069494,2784848,4496369,6305545,1080953,1437193,1191909,12213946,3215905,11566781,1861584,1074906,767397,1451693,1762289,2135012,3512692,4336286,2170147,1561794,1777951,1096015
125,125,3106230,6534692,5596975,16511614,15605901,5481822,6412039,5328473,13485867,5740158,12175381,64004324,19544274,40612481,4218605,59255509,3789420,58394897,6045125,32312319,6620354,29377432,27314633,34208382,62138255,25272854,101664539,28541743,32470295,92432824,16282414,45151495,121597863,22669252,39270745,4118587,5937081,8053149,1112887,1606576,1344144,11280904,2543666,4621733,2055729,1958601,722328,1332936,1727197,1880762,3620912,5046316,3256247,1708250,1871053,1140855
279,279,2727426,5299211,4406151,13353439,12349679,4635408,5199148,3683959,10059857,4146281,9876790,45175249,17786834,31134460,3201383,43572596,2740820,37081697,2991402,19587659,6956530,29738007,24923030,36966192,65552050,26579074,115688449,35136673,42186299,93716322,28170679,48586827,125737184,28631587,44768004,5298902,7139824,8417906,926344,1165748,957236,7179299,1398860,2349260,1318766,1409877,841016,1546346,1543759,1720611,3565126,3697754,1965552,1214601,1661246,902505
203,203,1205182,3270634,4381029,15493274,19262353,4700821,7374785,5047260,11815728,5270644,9343609,49561628,21514855,41188831,5099374,57397459,5636798,54685199,5172090,29986220,5309625,16451649,22699134,26983182,68585427,18099930,65637332,17930529,25301975,53124165,10898157,27917540,88371145,20362096,42968538,2058128,4712297,5472635,676979,882449,702516,6755619,1480126,6642638,2533121,1181223,1064856,2020081,1976972,2432965,4140018,4686394,2385574,1490499,1564751,758859
126,126,2570309,4511334,4412026,12407564,10129171,4401855,4644509,4619874,9209472,3747093,8469660,45775114,12627039,34109469,2710000,40955832,2837776,49972323,2739804,23400198,6506281,28970644,23276819,33927634,53384279,28686801,105239069,26155755,30065571,83536215,15856086,43508935,81393384,18990462,24600696,3048762,4635785,5205293,1010564,1359530,1037709,14589617,3356608,3589070,2500253,1017258,470099,957991,1400435,1875365,2511818,4494542,2058306,1518327,1551155,1004275
204,204,1751021,4421027,4143780,14568648,16624477,4812966,6592423,3668407,15505073,4978495,10742911,51463882,24298333,44513549,6261736,56212621,6723480,46885674,5888673,27964914,4750799,16827194,22306534,26181175,60851838,17727643,73019663,20183521,26236311,59855896,11483656,34008258,106424180,23675213,50334361,2264666,4672607,6643614,856657,1035242,860502,9102069,1776996,8513728,2669567,943807,1084324,1465259,1945445,1625894,3719728,3776938,2096706,1246817,1325558,667511
280,280,1159952,3631069,3215838,13281116,16218983,4196799,6464280,4513391,10411219,4488548,8278570,45661944,16954716,30873935,2969560,40919710,2685473,36714065,3008787,20006118,5220278,21281530,28646877,28478283,79001323,16737931,92646654,25266771,38391477,87676276,24471405,39547443,143148609,24893394,54362715,3899148,6520060,8268935,1162926,1492932,1197391,4388051,831726,3297571,848510,1307707,740868,1081465,1472844,1316574,3248326,3808702,2031866,990697,1267676,745506
360,360,2181067,5911619,2579257,8460731,9985009,3358214,4625496,2553407,7940042,3640278,7372701,41926558,10376760,24922301,2360540,35239960,2399675,39172015,3031463,22285169,9107359,28186609,27165659,24840395,49108729,18357964,83104792,22580936,38791361,90501018,18075472,41228149,106871968,16826160,25755701,4730617,4317032,5932453,735348,826392,640886,6876242,1931237,2499711,1716594,1045773,579426,957686,1313209,1531026,2872908,3967198,2040057,1007701,988527,663390
205,205,841752,2455152,3746383,14047568,18696247,4251745,7039543,4403056,12629216,3590524,7954693,46643650,24378917,44200676,5223019,55318739,5231313,49100355,4885765,28852072,4201916,13013010,18177837,22580246,61953994,11912877,51991743,12970535,21942184,46347943,9147049,22855315,85929163,20639727,50222824,1534883,3774213,4739994,628597,770910,628628,2440513,522275,3262806,1054912,618078,655415,901390,1128941,985117,2226588,2453298,1286783,1262035,1583560,823553
281,281,2137585,3981997,4588360,14616796,13575716,4825084,5536011,3846577,10947129,4736026,7932591,43832555,18258913,34400034,3239527,41380831,2872121,38281700,2942653,19482677,7532290,31630522,27202142,40830517,80259765,40035043,145339042,33870472,48987241,111055376,32666088,55084695,140682806,30641806,49365082,5515438,8013670,9785946,1044701,1285296,1060851,12904501,2685592,3587205,2240171,1677849,1102621,2070189,2172849,2846635,4376679,5149624,2618141,1306851,1636076,906720
127,127,1671850,3449434,5259957,16979830,16691994,5062511,6483880,7368066,14145926,5343770,11297670,66210833,21207489,48075628,4162359,61230340,3651328,65573424,4357451,35635333,5137059,25648932,25231040,34064705,63654949,23200502,103237789,24951086,29508669,88741670,15609846,42946894,106336314,22817636,39835619,3254627,5684297,6563894,1208242,1803654,1464620,11502887,2619145,5047871,2212421,1048202,562756,874827,1389170,1392653,2853900,4118459,2148241,1456411,1478487,1010365
316,316,2307126,3574475,3413100,10600307,9247051,3686125,3971008,2102909,8166370,3413092,5995652,30402268,12975030,23048450,2204337,28916405,1774960,24666864,1882092,12729259,5362083,26935769,18056844,29516059,50073979,26497975,89714593,22082392,33258615,73328786,24552649,40874088,98208902,21586084,33768822,3723005,4360397,6137862,593423,800184,712726,8667169,1826447,2244896,1469336,1407235,911028,1601550,1640599,1896720,3511691,3626635,1736468,1005928,1257924,635384
128,128,2956023,5180490,5080891,14924472,13021137,4843115,5813240,4924684,13563644,4957593,10125260,56764621,18764567,40340345,3272119,51678314,2921025,49980613,3313733,27042327,7511760,35240205,25939268,35351680,58257989,42120335,137126360,29268272,37669271,115380415,19154173,53092129,122673191,23260948,32440434,4455418,5997442,7942784,1071419,1605064,1464136,12249758,2533602,4054511,1776430,1595611,1092685,1963157,2414452,2965932,5405643,6611734,3761888,2042233,1968226,1225464
129,129,1913413,4089028,4796999,15011346,15085506,4703768,6124553,6393780,10853726,3721966,9810968,59960207,15872401,36697831,3123104,49215742,3297284,57403598,3603386,27349545,6936580,28438476,24508595,31682321,61799127,31003927,113927017,26412776,34772354,97063461,16530055,43305111,106603608,22261932,35384306,3801045,5387078,6181423,893388,1155039,876547,17598784,3654877,5223844,3631686,1384756,648623,1143185,1697468,1841922,3400439,5493706,2633244,1703647,1831752,1028687
130,130,1425197,3293274,4364387,16415660,19097215,4801517,7494572,6947793,16304980,5503751,11613214,68757170,22802992,46961053,3863337,62031361,3413507,63625792,3958315,34711629,5181035,24070086,26822986,31711648,68738119,21620899,109609090,23920476,30179962,104106829,16323006,43884935,134819154,26141200,48408578,3740450,6112958,8581988,1208010,1742243,1475039,15385298,2381762,5648692,3314852,1191988,702455,1146389,1545531,1635223,3229947,4527601,2396389,1706690,1669653,1088794
187,187,844234,2647085,4089839,15012633,21373741,4323373,7724440,4541420,15234864,4132826,9407545,61041186,26020413,50579598,5292289,59554398,6597277,59499996,4917412,30862652,4191927,14759551,19333593,25472505,68791183,17741579,69557798,17594062,28496773,63983955,11081411,28311113,98590933,24280100,55149345,2167222,4948578,5280193,749811,858896,652806,4558232,1109263,5349463,1631690,675731,577899,741000,1210552,864848,2382879,2961709,1442754,1171697,1670347,766621
109,109,2194092,4432013,5354870,14932051,14753005,5346555,6570941,7612813,11853855,4663381,10265712,67355475,21277444,52386514,4524305,68499699,5006605,86157480,4738004,38263111,5481083,26267539,24586824,36380723,62000907,22734474,100544816,25259366,27774121,89008982,17602156,45515621,99825198,24041558,34747885,2852218,4435646,4890652,1029621,1346674,1023905,10694485,2192362,3423697,2775821,703112,244928,454819,742396,740321,1536300,2631028,1003149,776538,924515,557039
110,110,2512276,6073673,5760770,17464458,18392428,5728830,7681790,8269457,14525032,6138704,13412130,85903026,24493259,59219701,4816341,85661303,5620672,NA,5320201,45797720,7796335,33295032,29991731,39139737,76156593,26029365,116270503,31371774,37507802,108242062,18645847,48480629,127574239,32662502,48600983,4946308,6951907,7647191,1405376,2122364,1698492,16340052,3781997,7240967,3885021,1041159,378911,823604,1252197,1414745,3085377,5019283,2260556,868654,1173480,744929
111,111,1823025,3512737,5002384,16625720,15630865,5612352,6829603,9806840,14221849,5585133,10680480,65125269,24659646,56502012,4547034,68130421,4208193,76828710,4477433,37357890,5244277,28282217,27239930,36090983,66535737,18446451,96985483,23832594,24972203,100464054,16720588,47539607,111378412,25008251,36701048,2803283,4862100,5118758,1254645,1915396,1549197,11718679,2624471,4421991,2581778,1103969,611950,1030147,1604153,1680224,2924146,4662859,2311584,884715,1052179,717700
324,324,1659703,4367224,3504842,13779047,16943183,4566753,7352021,5087049,11956350,4512727,11188976,58592822,18517063,41967861,3331380,51352234,3183506,54897156,3575933,28017375,7138861,29017231,31372148,27652659,66239752,23654420,105661802,28566249,35229903,101326415,16839707,49649793,147564583,23688640,43743932,5209458,5642417,9557432,943682,1328232,1182226,8357579,1973739,3161488,1661863,1191733,969610,1572294,2217267,2474122,4559607,5921363,2767578,1649717,1841994,1143653
293,293,2255099,3772231,4750228,13463679,10701080,4551837,4436083,4329480,9458898,3490770,8215705,46173923,13651442,23360026,3127608,33960617,2570458,30438817,3194603,16535197,7065042,34037060,22576271,37527969,58179996,31838852,124559648,33299854,44540075,111123881,32107081,51132511,114843253,24624302,37145007,4833064,6249715,5708425,762058,905742,691807,12184642,2433984,2349287,1610727,1357267,551664,803330,950794,1039014,2530511,2752192,1303135,1028395,1192303,617711
294,294,852191,1982668,2753910,10148668,11135141,3273034,4565501,2911354,8714119,3019242,5618914,33798646,14381110,25395985,2225388,29384344,1925366,25718727,1813819,12679260,3846102,16080682,18045186,24813530,55580549,16224008,75130686,15955761,25729837,69584791,20379794,29189483,88269561,21450812,37215977,2505703,4228888,4984654,717020,855137,709742,5412524,969573,2233512,1474602,1079715,575417,698901,1008697,819077,2044565,2137843,923976,688378,967440,455520
188,188,576902,2034311,3867377,13411484,18764610,3999700,6959941,4775937,10578556,3308398,8914354,44769832,20345052,40242621,4528707,49630370,5003743,46755511,4725254,25128724,3414927,11054922,15774211,24989639,62854013,14237449,56760928,17280719,25739523,53351125,10118362,25296258,84261134,24201457,51592108,1873953,4448690,4746924,787802,907298,637973,4919911,1246502,6623484,2042673,953290,740210,1060369,1491948,1411177,2760376,3473570,1860631,1174221,1491426,804754
295,295,1946316,3721735,4113257,13723743,13646032,4792785,5541854,4078241,10140111,3571251,7863755,40148132,20639737,35408050,3425057,41127439,2790299,34090174,2771619,18292024,5140283,22914709,23609090,31784865,64350753,27529857,105943982,26552879,36652692,70867326,23902796,45414978,103852811,25580942,43037802,3429720,6024737,6210074,1114956,1218222,940528,8359522,1460984,2334337,1554279,921774,599623,960301,999297,1058917,2054960,2189317,1127752,1000967,1529211,774429
296,296,1794837,3256937,4305048,12760800,11260930,4238769,4815744,4413371,9012378,3717754,7695012,43496264,18491539,31095316,3677448,45006904,3048402,39120410,3729763,21856449,5770014,27386156,24441346,35681744,62315561,21491688,91096473,23708839,33990416,79871307,27257062,47914226,105660603,26336111,39578757,4079582,5562758,6415081,840402,1120441,949903,10546396,2232541,2619277,1686222,1034084,573738,984784,954224,1103043,2585001,2700196,1443696,1080455,1628638,889051
112,112,1773916,3544943,5390992,15567278,13852667,5061174,6312807,5165550,15181142,5629133,10596326,55343401,23893811,48076802,4245132,59004792,3306052,53837800,4095144,28919579,6045235,25697482,22060999,37975417,62321657,27159003,121548231,27718970,33117860,105710037,19632720,51851577,99858334,26245661,36958567,3047034,5318372,5871162,1293510,1788313,1488348,13184732,2763679,4772267,2677430,1474003,888022,1409219,2133785,2067728,3612223,4551737,2528670,1071371,1314670,792236
246,246,1435860,3341203,3986429,14192722,14539163,4493845,5831658,3237160,12132588,3817531,8998578,46320978,22858151,38020034,4700468,48916843,3344047,39563618,4043145,22404657,3313306,16185482,23165977,30466177,71280763,9166709,51936817,16767581,21442043,62219892,20878048,39956694,116291336,27770195,51005177,3256377,6893357,6573720,1206146,1639456,1406618,6295969,1032922,3397759,1170303,1094011,831550,1133949,1371574,1211951,2902006,2854015,1462663,820995,1075717,519909
135,135,1499947,4180769,3482803,11604640,14624460,3873914,5947489,5624430,12616202,6911341,9461352,59930480,20188230,42705033,3581224,59154954,3250554,62681745,3769853,31181731,10802018,25163450,29129116,25596791,52347057,16579082,92918500,22603595,29110739,99793646,15419591,40467032,129748294,20338634,33576462,3677598,4769731,7352625,877783,1302576,1280121,12826086,3410325,15774302,1907502,1596279,697198,1388181,1699607,2064333,4178102,5450941,2870064,1620377,1896450,1064343
136,136,1947720,4079611,6454331,18563695,17519497,5371907,7253166,7183234,15066664,5956288,12114472,62677400,27168667,61601489,4948524,75376761,4805281,76375194,4942078,37312083,10616608,30201223,26759189,36362150,68735822,32925979,127939951,33572197,39434125,94572192,17711412,51970012,120456910,29575509,46342039,3531229,6516136,7615664,1697753,2601955,2209082,7029038,1121322,2721155,1985898,968688,655478,1311291,1632278,2152370,3051400,4599113,2134736,1556163,1981850,1180292
137,137,1686917,3434257,4450473,13500797,13291763,4261375,5463527,5523386,11504570,4849959,10183165,54591491,20190352,47353697,3700823,61178852,3860188,69623597,3770848,31885397,15785801,34005075,24315611,29724565,51838421,30910114,109826592,25517762,32255609,91323901,16295380,41136773,100380507,20214656,31200793,3727388,4812882,6043231,879176,1202509,1027121,12297338,2672263,7614404,1807208,871198,561965,967723,1397012,1578284,2794528,4492181,1897207,1301213,1581901,899163
247,247,1929380,3768322,4885623,14784758,14052870,4825593,5904381,5465320,10896503,5244954,10406276,51305670,20081088,39744730,3808723,54053815,3081859,50890921,3625589,26930119,6385782,26751911,25760196,38668851,70403803,27643782,122769029,34390910,42633674,109693826,34096136,58023550,126704949,33184963,47438566,5512192,8115542,9820001,1626749,2197214,1688735,10797775,1719451,3529534,2566591,1104558,972819,2018546,1836665,2493504,4202775,4812926,2366586,1013795,1428392,810109
174,174,1320008,3345272,4617933,15084651,17031115,4527424,6565067,3668903,13090381,5193882,8941891,45503167,21131174,37698162,4582507,50298424,4710548,42550176,4346951,27199847,4085039,16277516,20534434,27070194,59841038,17527248,77366220,20350047,29715760,65420266,13132570,37220648,98586887,24435078,46387180,2318373,4950303,6398097,887168,1062146,894174,5966887,1245284,6706910,1938060,726203,839533,1516940,1495807,1755227,3192668,3270705,1996417,1480414,1615701,973705
175,175,1571677,3134635,5170952,15437868,14931532,4548437,5823657,3121794,12188686,5373147,9667435,52048183,18192105,42104298,4849038,53705460,5802753,57189566,5094647,29574420,5160005,21954638,21494582,33906466,60027903,21016920,86213321,25631674,29780728,69698903,14728380,40366234,96339196,22905250,39438681,2904491,5296851,5535347,759115,927838,716124,6645995,1331214,4830829,1844782,877090,696828,1151426,1600210,1636341,3011447,4039799,1886050,1032420,965558,483446
285,285,2160898,3769591,4393116,13618085,12014577,4395576,5242262,3323345,9797840,3445196,7709648,44099875,16926267,31863640,3055789,42776902,2810073,39975808,3154694,21785278,6334762,33899636,24666128,36457468,59252664,26602271,128756828,30132679,38981249,119338503,34682635,56828327,128622170,29391716,40224136,5007677,6047625,7551501,858810,1093507,949812,10395409,1945288,2569150,1831549,756653,395670,775347,770911,991830,2005528,2242915,1142314,1424465,2293673,1388162
400,400,1298636,3347992,3553403,12505909,13852056,4386953,6639448,5218262,10211819,3444804,9062866,52882140,16793043,34924491,3288632,47457344,3615306,49373630,3502156,25004622,6451003,23457446,22641443,29128437,57658161,26044258,99769881,24616506,32671530,89573912,15900632,41064763,98517824,24840056,38401641,3897570,4858485,5762478,1097324,1442599,1237906,17390806,4181789,6280585,5748881,1131691,860995,1278184,1809752,1756099,4111756,5131997,2308822,1086240,1319302,721954
139,139,1958097,4193527,4985995,15686033,16391014,4900145,6356386,6054109,15541295,6584091,11196130,62775165,26930448,53114257,4982607,72756524,4142213,69778511,4808143,38150832,7565500,24752943,26380314,31884399,60806370,24772473,120234270,26157570,30844755,101913262,14963136,43170203,111225659,20094316,33880704,3153858,5170998,6105906,1162491,1713096,1509619,15306179,5892027,NA,1743346,636217,655527,1149325,1440966,1527327,2890108,3868934,1992475,1071383,1898917,930844
140,140,2175187,4407386,5315820,14550757,13069277,4830329,6064583,6594333,11124372,5111344,10003895,56719577,19021411,40173617,4499344,56954711,3867413,56317515,4804642,31296286,8118306,30399407,25488269,34623458,55450731,32189519,135092877,31305876,37498749,114146041,18243628,53804051,111529343,24614818,31111810,3538506,5129133,5707619,1298764,1838560,1444982,18870163,3945717,7512920,2790571,594967,374297,819585,874998,1153268,2080746,2650874,1426736,1623590,1971517,1200841
158,158,1587066,3633658,4621320,14340158,14694274,4628122,6180382,7889139,13202465,5284363,9573393,52545011,23068277,49246054,4141732,62744293,3416624,62299706,4214514,33951504,6539841,21639095,22684340,25539188,50238772,25935978,101531683,22903978,29208278,74112833,13922592,40373088,95217569,21155354,33043920,2650389,4301429,5680472,1239157,1850084,1607175,12983456,3268352,15338671,2212330,1355279,978501,1713336,2244385,2641579,4392500,5553414,2985049,1454164,1703181,1099058
274,274,1036185,2977346,3761970,11765990,13754203,3676540,5607197,4484758,11163973,3977428,9971696,59575033,19148852,38010796,3744044,54818853,3628386,57069285,4479157,27162031,6577845,28122464,25546884,36931716,68786412,21982253,102280934,27322091,37438331,101885831,32135322,50177524,123937323,30947843,44327647,4803837,5763091,6704158,927152,1163990,916510,10303099,1891110,3445909,2764616,1213642,481352,655045,977225,851867,2656074,3274721,1514888,872527,1274019,706484
157,157,1111236,3269727,3859204,14856200,17466501,4218667,6191750,5141536,15184273,6172991,10028909,53367788,26093859,45811156,4802687,59948567,3453465,49634354,4262232,28488479,NA,29370811,27290125,21371983,58001887,16003940,80434663,18231457,26652364,73805040,12219160,34203248,114071839,19585091,41864219,2511143,4599921,6607178,998361,1583565,1340780,7505662,1764564,13798155,901773,1378918,1225186,2241651,2221020,2773939,4729087,5005392,2846810,1623728,2018584,1233592
159,159,1255844,3412536,3241016,12314487,17081857,3857189,6481267,4566721,12340719,3713097,9272969,47969898,21696062,46451506,3577008,54203432,3038544,52830118,3453540,26698253,9600475,22169646,22799326,24240629,59650880,22743122,86858628,20596380,28984254,66397536,11295734,30656481,104681183,19799480,41711764,2651907,4485072,6121054,718433,960702,907958,7816326,1673723,7435847,1448324,857134,700325,925692,1499575,1384406,2984622,3897791,1815302,1284050,1846897,989937
242,242,1222248,2730909,4060071,13822065,14229156,4099306,5270049,4214612,10976647,3650873,7149627,42955721,18728450,36388378,3272531,41781089,2544719,39289296,2871425,19640880,5268130,23035788,22731621,32547498,65558678,33875804,128959444,26479587,41472513,98236048,29386642,46851049,127278231,28239572,46645233,4380873,7940569,9283950,1155772,1358766,1067750,13069607,2209019,3166138,2137208,688546,734039,981368,1337781,1325562,2391070,2786372,1284372,861454,1144161,655410
160,160,951862,3157400,3484952,13912176,18813649,4072373,6524691,7157475,13939126,5056524,10804729,68295265,23814836,42516128,5900303,59975349,4094788,54891213,6941840,33902871,NA,26821362,28003915,18324016,47858175,12282079,76132425,19079245,20142797,79563890,11504166,31242952,102197118,17841715,35945877,2409097,3377061,4165519,1014622,1650192,1130561,7657648,1695502,11566838,1124890,812529,408814,558736,790698,719768,1664251,2182597,1245731,1368409,1524961,945749
190,190,850239,2643851,4590630,15840619,18444437,4663740,6837817,4140710,14218236,4846628,10463049,53705272,26331223,41394140,6210273,56700622,6159286,44547374,5925069,27577275,2760561,12390056,19813828,26250137,62271742,7713781,48849176,15727740,19450506,61917790,12227927,31078266,100562475,24605334,51050251,1917917,5100047,4876315,746681,870435,639047,5666418,1400481,5259762,1206476,520010,378007,511267,637036,537238,1560614,1536085,907798,1077975,1421889,699429
298,298,1620181,3499180,3710966,11618729,12670744,3798141,5143466,3777343,10184558,4471152,7777467,45712481,17281977,33581374,3180974,43364869,2736562,41989931,3185035,21923885,6137450,27121178,23152137,30892125,57291948,22648863,104039444,23074371,37589765,87504463,28855369,45857243,104750921,25274007,35052065,4230938,5672423,5993773,909399,1201411,980611,7397805,1616981,2652841,1497363,992421,615369,868137,1173744,1112600,2597171,3072262,1417808,733734,951668,576245
221,221,2256101,4227248,4850963,13145752,12358259,3627603,4484249,3733539,11209497,5981146,8252698,60309739,15647940,33308972,2979509,47747028,2529974,53989336,3580283,26923644,7046013,36473321,23554625,41704474,59085793,22114934,126502520,28870403,44987974,147029190,44681251,73104515,133521166,37386342,42602918,6685739,8101665,7585146,979061,1426637,1199981,14795018,2285345,2969443,2250560,1402978,565934,1061577,1324931,1602856,3506642,4884679,2373846,860087,1059644,683175
222,222,1905296,3924482,4929001,14978086,14993256,4102957,5210794,5511083,12113581,5471807,9942411,54858405,17977054,35173401,3276744,46297603,2726362,46798645,3338919,23957856,5809706,29464759,25562185,38296503,74148967,37420872,154620590,37541688,51264949,145439567,43176211,71043845,168647509,34056045,55595595,6568071,9120991,10758167,1464776,1927367,1584998,20355244,2097360,3341821,2201413,1329646,717470,1319094,1501183,1718462,3448281,4306522,2114318,1242092,1511326,914590
299,299,1431432,3479544,3779411,12567252,14508707,4185618,5847336,4350853,11297216,3884306,8116699,45018709,16881997,36497016,3375792,43622320,2813056,42989711,3393537,22484400,4860148,20754995,23589331,28692183,63845834,16124641,83559397,18727973,34450915,73568496,23250820,40144800,118461457,26199448,46671153,3591280,5744755,6040877,1067144,1334679,1012319,7110957,1512698,4616864,1278243,964681,527510,726884,1083759,1036117,2357731,2912116,1434854,751326,967959,629752
223,223,2439812,5500849,4288497,13411699,14900651,3887883,4901147,4311898,11169196,5279850,11538820,63667078,18127738,35859959,3890231,56440820,3603589,57604828,4760999,30323555,7828997,33188340,32406020,33264072,69621698,32394120,132181467,38636376,47894605,130754999,37694733,61491413,169998688,31502809,50697404,7508597,8666777,10266211,1281975,1568105,1213899,15611308,1948800,3224419,1792582,1098263,455443,896061,976549,1207719,2684853,3352265,1683518,1112056,1415660,889554
224,224,1278997,2371635,4216900,12796407,11892792,3380365,4350566,4599029,10214492,4327800,7130704,40558110,15884936,33500244,2768180,42482676,2144230,41607842,2686742,22507123,5128547,28731441,21277850,36999522,65316172,37184164,127410351,29105959,39240940,104442919,33790259,62076898,127561559,30767812,47484440,4892601,7711480,10841794,1296153,1795040,1853310,18076022,2025672,2361846,2811509,1381674,798582,1521546,1758250,2163728,3580878,4378727,2239346,1119364,1503121,946913
225,225,1746594,3859895,4206772,12554735,12544033,3377111,4561395,4634305,9962568,4422481,8482416,54709250,16035832,32254502,3014898,46320828,2532662,50097621,3559258,23782089,7777284,33490953,25085739,36489473,59307796,26790865,123907821,29327030,45053780,121569772,38110459,59866294,123147323,32069965,39270131,6004605,7169797,6668983,1114349,1409560,1076460,14191144,2055957,2747099,2159804,1165427,488339,829906,1006202,1158596,2730501,3688984,1644761,944329,1251688,721545
257,257,1805926,3564336,5127135,15102882,14486874,4741397,5971361,5038992,12401904,5634856,9261252,55238294,21288720,43794187,4201263,56005856,3723981,57899278,4167633,28593716,5121919,25449568,22160982,40339493,71010542,22157980,106242537,25201620,36092443,96684241,30567645,51033264,119106065,33306129,48471994,3820425,7224313,7786305,1498657,1969520,1611403,7037269,1116392,3145711,1526452,957137,478224,786585,1051454,1141703,2443824,3311364,1517119,619597,911387,547878
226,226,1626224,3368007,4402450,12694344,12397295,3517398,4524246,4099497,8172666,3183825,8839767,49903051,14256507,34035815,2788960,46885935,2934433,55872358,3159702,27397319,5032440,26055952,23950591,33434233,58959157,22551900,101164398,32591912,37063857,107317384,33986318,54290425,136215198,28833245,41042903,5646905,7838854,9498753,1186894,1612407,1367935,18883185,2459623,3403952,2264193,1311689,431784,739291,1201250,1271104,2836184,4205179,2035536,917918,1121657,754166
258,258,1830107,3897124,4529361,15071173,15548886,4525766,5904885,3889608,12172632,4997586,9542030,53132642,22191687,42578751,3915742,50873844,3041020,47265660,3672002,24452918,5236539,28037943,27053732,38730309,73489219,17585392,109687119,28287725,36281834,111904198,34352951,59708052,146904330,34861132,55650828,5565366,8135629,8943912,1166933,1423536,1176445,9369576,1663899,3050587,1591735,1115431,613968,945611,1306203,1345713,2725459,3356149,1655635,826519,1206771,689813
227,227,1278464,3228722,3436580,12110293,15313479,3263743,5139723,3991106,9951499,3707383,9378939,50064708,15883463,32813131,2854321,47207188,2851213,50428381,3112936,24294308,6364371,25064848,27226834,29872471,71493317,28053350,108699956,31662180,40132327,104174502,29693102,44043880,145386224,25093481,50035729,5929366,7563018,10517394,836134,1056082,847817,11927975,1552860,2453154,1825634,1252361,456814,805041,1031244,1147169,2741846,3475864,1603930,1125244,1367824,844910
259,259,1646541,3163728,5191064,14558045,12432436,4528058,5240518,4995079,11673356,4449341,9227535,50757627,20493420,39988620,4078740,49419769,3191457,45696369,4053885,26419705,4429152,23872590,22109431,39721993,65200499,19567540,98560161,25693776,35434959,91142763,29763427,61061174,129851426,34312025,46864802,4371784,7557801,9523887,1439075,2046793,1819145,8505054,1356468,2257616,1369502,1247686,586086,1009966,1212351,1515748,2582256,3212386,1720875,980962,1307508,875739
300,300,1132545,2860619,3846540,14862744,16434838,4772643,6614039,5012416,11854425,4382342,8736345,47635858,21973742,41141695,3502043,51252236,3071468,46644714,3251320,26040507,4224880,19614996,27282980,32800407,77758739,15883785,93573263,24405979,31494543,97059855,26918904,44929781,149463827,34214485,68359103,3123596,6162886,8195021,1188210,1605764,1443729,7912494,1393965,3792251,2146620,1142776,765324,1017557,1470574,1301755,3077618,3501584,1844079,738880,1049352,599486
260,260,1708512,3556648,4732222,13804571,13627190,4407955,5518870,5343918,10919443,4725126,7890324,52719147,18931106,37997816,3281089,48250556,2783369,50408145,3549111,26297844,4723493,23493555,22030396,38691131,68686611,19890760,107403873,24715469,36371107,111345629,33967430,53895780,123299671,35426092,48237839,4393426,6846907,7302665,1463060,1931011,1487418,11058249,1780885,3057309,2148792,1294508,524982,724375,1232969,1083287,2646686,3572940,1752969,547957,716610,437759
228,228,2115509,4735057,3966167,12732155,13417379,3623915,4766000,4307083,10429364,4163628,10310886,61207197,15204701,34746241,3179270,50382087,2945923,58988521,3983140,29285866,7725570,32810602,30907270,34605152,68357131,28851494,128470214,36341766,53037197,138733892,40061073,67830024,177668525,31064180,47954937,8194214,9175853,10316217,1055318,1321418,1018218,17472851,2502968,3119554,2025164,1170527,365402,660978,850609,1077484,2369172,3463167,1544951,1241935,1496174,1039651
261,261,1330016,3217291,4469685,14420279,14248489,4792974,6055532,6176017,11117546,4832565,9550697,46907800,19147777,36830494,3338621,45703852,2776836,42911365,3004080,23690249,3574711,17545805,20173633,35960183,73796652,16225993,84945712,25424699,31725035,81546329,24897438,46384748,123697862,34180462,56626970,3199740,7131916,8269080,1701537,2562111,2128471,5487337,940329,3524713,1170425,1333019,624947,1048075,1251109,1417033,2587304,3084033,1649468,749751,968491,582989
262,262,2590689,4505961,5196405,14558768,12871938,4760709,5350303,4132631,10065542,4706089,9169757,54838733,16688230,37054804,3313232,51025618,3133344,56327524,3698729,30432974,5258522,28788135,27760998,39203435,67332667,20886347,106002147,30573376,34001833,108607207,34890481,64754786,129906556,33460400,43268044,5444119,8214669,9384484,1097077,1449998,1212654,12700793,2391459,4279766,1814109,1424240,503933,818329,1143934,1375830,2893785,4080477,2080454,834611,997526,704569
301,301,2214374,3630257,4283794,11986784,9548035,4211289,4041241,3466141,6842298,2860425,7879821,36921088,12149326,25994438,2500441,34212693,2529697,34014039,2531051,17079850,5500213,26412739,21088651,32607169,50913023,23709075,99980666,33722841,35556370,88360951,28346153,47934533,103806008,23303202,31862186,4104540,5234175,5796088,804602,1017811,788891,14597932,2714019,3324358,2092437,1153105,528786,859957,1188187,1361079,2783736,3516935,1601436,771675,1071636,637932
302,302,1323665,3255591,3243176,11505868,13883956,3752698,5351167,4605895,9456192,3736373,8264211,47505979,12834686,27612744,2143020,35596363,2312177,38286696,2248090,17977137,6313837,25012347,24597175,28907516,63866138,23903456,102713613,28541806,40909364,94597649,25591027,39499823,134189825,24546789,47365823,4405965,5352772,6478131,825176,988678,739696,9918142,1745479,4008113,2146967,1507178,520020,884699,1204134,1342119,2783701,3827396,1705222,1062401,1313457,715340
263,263,2233766,3666212,5686316,15778357,12021656,5199863,5123720,5255470,11230308,5040302,9822117,48166978,18806394,37538623,3232373,49622018,2944050,47638396,3157678,24725549,4792589,27152141,23016315,40905185,62904739,21339752,105323264,33235953,33201737,94791931,32173432,60692796,115972651,31087318,41884435,4013686,7619803,7975975,1503678,1975815,1578354,12167566,2124708,2746893,1635496,1301131,531432,1039558,1237977,1424750,2685799,3269307,1514919,995390,1428243,815838
303,303,1789668,3665945,3985982,13054522,13861216,4308474,5575591,4491964,10643265,4225465,9032822,49078971,18319581,35079741,3049601,46387843,2858888,44735568,3041681,23528959,5743197,27788298,24170276,36031377,63955259,21336068,98082392,23922005,34206220,89850221,27203831,45238926,113819003,30758407,45641445,3996745,5330199,5608360,938470,1253269,965380,8321908,1636060,2846378,1883154,1190276,479817,597565,1010700,828352,2347012,2869435,1405357,616172,935440,516520
363,363,2038461,3632881,3420489,11067943,10049194,4212435,4788521,4209251,8066664,3319098,7235370,39311983,11745149,28625330,2395997,36039159,2516789,41629386,2476903,20933752,6097951,27362002,20514049,31200069,51149854,25600961,102420920,26329499,31531301,89882381,18643889,43957512,97037027,20745773,28918660,3559596,4470470,5413180,921365,1216010,1009534,7259711,2148337,3145703,2581089,894930,636976,1135769,1490553,1826248,2990800,4402575,1954866,937368,1195075,723233
229,229,2435007,4599571,5074366,15309912,13178381,4440005,4859010,3763671,10901285,4999951,7659856,51608314,17922680,35655759,3668233,47224807,2676252,47607400,3899018,25642349,4625071,28283055,24336903,38315644,64349137,20187365,99160515,20650140,35332241,101745255,34065979,62148478,132863453,32989022,45453258,5161090,7818077,8648732,1250662,1790268,1449713,10151815,1719320,2243381,1477940,1361068,544264,1048312,1092384,1387953,2640551,3417504,1867354,1237918,1448116,963549
230,230,2386538,4641523,4295201,12651566,11660924,4026157,4107013,3924720,10196572,4036371,8796732,43859622,18174848,35726122,3469719,45810104,2731857,41091584,3354424,22321107,5705708,26728174,25520649,32115757,59581792,29273210,126274655,30465815,44312886,109634207,35041779,64190308,134073970,26918416,40818310,5005243,7508420,9491490,1224932,1510671,1188711,13654820,1900512,1914002,1216608,1314666,635481,1289609,1269447,1740216,2993160,3469681,1972604,1194557,1601853,939139
231,231,1890881,3671221,3963906,12249791,11989310,3687750,4304482,4605063,8116781,3431429,7935078,42418653,15631252,29436122,2984958,41093630,2560039,37758795,2995046,20545446,5398449,26199343,25135909,29215129,56242916,25653057,104225686,25669177,36000047,90750840,29519068,50270548,125319773,24353269,40281433,5416487,6940725,7956845,1107360,1318965,988319,23871633,2378787,3473107,1925597,1332506,606639,1244930,1115735,1616004,2756742,3077361,1610507,1212951,1515929,943668
232,232,1751297,3238805,4117532,12680385,12003647,3707205,4303210,4487411,9871040,4580237,7138508,46533740,16037128,31012540,2878894,42580344,2487995,42753683,2884265,21761232,5534844,27561137,22207303,32921534,58185901,33825177,126540586,26425318,40514901,107624996,33087844,52935971,122432994,28491246,43684787,5222738,7200741,8526212,1088866,1265163,1081956,9912714,1469063,2377985,1592085,954901,408062,895954,792654,1240186,2085076,2667080,1335891,1155981,1593203,975491
233,233,1536402,2714409,4749741,14081286,12207574,3892504,4762690,4279880,9231180,4080635,7115236,45779971,16147059,36649668,2857742,43598695,2367158,48622382,2898681,22726082,5404585,29816975,23689818,40333216,66357475,29284737,131977220,27351044,37947948,116413404,36605113,58392090,116945373,31019572,40490832,4647154,7634372,7496657,1445535,1957458,1498643,9606325,1661768,1819851,1694457,1007093,479036,1061375,1083526,1658332,2415340,3516610,1585371,1210319,1646310,1071015
304,304,1218530,2745197,4316256,14474822,14764037,4704533,5723927,4305563,10202342,4968901,8345901,43536504,18374674,37958863,3340430,47520502,3077575,46245168,3175744,24083993,3941640,18701465,23186155,35075378,72211342,14374986,75387345,22614957,29511048,75068227,23546978,45827854,120288137,30228765,54178694,3261180,6309763,6665963,1102615,1328931,1002032,6039974,1189436,2206682,1098487,1280198,548765,1150910,1216710,1654449,2484992,3181135,1598944,852370,1267337,733706
364,364,2210906,3527860,3641621,10980885,8663218,4285061,4270442,4282610,6862746,1948258,6091287,37755410,11074487,29247548,2123274,34404646,2176208,42989989,2224465,21715292,4957404,26033948,20289213,28151668,42770249,22120853,99010097,25273832,27596856,90520508,19042072,47316910,89320262,19878354,25001132,3041120,4357987,4930157,1104295,1537479,1231972,8564818,2423870,2859210,2409636,595126,474868,617549,1186442,1155625,2221890,3600093,1582095,945650,1066480,692380
305,305,874081,2209327,3854120,13976677,16897959,4434098,6595410,5226184,10499644,4056680,9775713,39148184,23627804,42906022,3502145,50861897,3028332,42237615,2937845,22448355,4739455,18250060,23042446,31852906,72575956,20902544,81654049,24758632,31030144,61947693,20568821,36418242,100201583,26467986,51795859,2799013,5261002,6282034,1146090,1452531,1159059,5725577,1126445,2649126,1679687,1036605,738582,1125702,1382711,1306532,2623001,2867310,1503128,880540,1388598,754754
401,401,2523522,5123517,3928210,12517686,12883268,4459811,5930384,3560458,10750787,4431780,9975191,56913008,17854789,40971986,3485135,55059528,3881097,59022029,3784853,31205584,8632545,34111212,27064145,33165240,57690804,33526183,121928239,30171775,37927200,105208701,17457473,46955641,116005095,24333006,36127752,5544452,6088242,7081237,850656,1089135,904532,20434817,5435826,4813258,4715250,941464,799801,1450444,1851016,2207309,4127233,5476627,2603933,1395807,1743349,1029508
234,234,2118225,3752109,4395661,13032975,11524137,4011955,4536084,3975060,9510699,4339274,8015525,38603922,18084691,33456062,3044777,44177347,2451934,39230857,2891504,21130290,5756639,27553906,25752303,35106376,64982795,37264482,135436827,35099149,41024099,113592489,33904012,55632916,129446862,27576996,42661255,5436317,6785760,9737015,1323872,1822866,1609208,10090879,1453616,2542922,1303336,1305645,1017194,1722735,1868141,2188791,3942734,4344127,2331751,859254,1358671,761861
264,264,1142761,2537011,5202917,15476007,14842491,4635300,5954907,5612270,11032493,4632499,9046215,51886013,21141597,41481045,4239614,55504762,3506466,53105725,4502400,31192377,4627602,23234769,21911946,37590449,70544815,19294147,93428147,23465238,33804885,81785020,28021989,49925162,114763121,31401559,47171434,3882469,6554519,7174273,1332767,1703229,1326232,7224823,1282386,2536492,1455465,1001313,445717,675536,925591,1056013,2087912,2586473,1485566,503558,756739,519925
235,235,2142059,4823798,4544073,13918585,14002950,4191950,5218586,4910028,11422841,5155828,10487961,62000398,17927150,33716244,3098508,52011335,2967227,52137067,3487604,25779895,7967759,34985536,26326912,39577397,69362438,35838633,160343207,41957677,58590991,166982467,43845090,66410369,176367423,33778043,53335433,7283762,8274712,11102086,1160194,1498460,1189866,17115961,2631931,3038236,2851070,797528,458059,815139,900171,1049067,2600433,3014546,1379761,1006172,1487623,791910
265,265,1808637,3782717,5213449,16178307,16087180,5203271,6666508,5770558,11319542,5461352,10523380,55599644,17042717,35903650,3145451,49161332,3125086,49908932,3438956,27049448,5328539,28035617,28704473,39987430,80582875,25469047,125150405,36983561,42184462,124349009,37006441,60433019,167847586,36646301,56281099,5592168,9343450,11378683,1675356,2333341,1929369,8854440,1745667,3960057,1691789,1693720,527978,1207625,1246764,1947184,2818763,3989547,2160966,1364616,1711734,1137576
266,266,1359672,3595330,4860643,16199905,17014818,4966120,6713709,5370542,11652486,4842716,10863298,48837954,20554168,40695981,3467376,51399550,3100118,46711864,3318676,24208513,5401545,22229580,25439896,37796459,80887990,19993857,112668538,34376496,42079562,114228421,31551764,47990678,144844343,32987083,57797751,4312189,7697760,10127802,1556927,1998952,1557456,5747716,1005021,3190435,1313134,1016637,403522,820907,821499,1180292,1983298,2445398,1278110,1067912,1628168,1023633
236,236,3657580,6019762,4995778,13893138,11354541,4519670,4331956,3448032,12253872,6146626,12097436,55989257,18844212,34418885,3724422,51406958,2666471,45793909,3962853,26655625,8141680,42935007,29929948,38545782,61787026,32017847,124755241,34541005,47392458,123067717,40222329,72901511,153481841,28045078,42021587,8163680,9418549,12579514,1080001,1212545,970778,15786468,2296806,3056062,1761503,1236366,751366,1807242,1387936,2233916,3543195,3794407,2282555,1961966,2335155,1506165
267,267,1543187,3373260,3488202,11351453,11819934,3767635,4840312,3555807,9940906,4032222,7506620,46199367,15234455,33357180,2978177,42668389,2616544,45407104,3173588,23972839,3661133,19587025,22508792,28835187,59992313,10253692,67229490,16285691,22442588,71159880,23885468,40712353,102394038,24847803,36477209,3525073,5840671,6597328,1132585,1501595,1188116,3849055,750430,1816723,700786,1436778,463562,704824,1058624,1117987,2335324,3171962,1628773,753230,906240,656897
268,268,2616405,5572523,5655148,17704894,17594411,5621256,6886987,5703912,13561948,6804668,12725592,79097133,21146316,42328683,4557134,70029338,4401402,74571947,8167170,40397936,6839638,34453633,34500606,46366350,93034405,17295994,115007111,32485015,41029794,135310795,42020537,77630567,178168822,40309546,61678327,6891880,8770659,11575213,1421606,1915829,1632664,8888880,1678869,3003432,1601632,3290800,397757,727392,909269,1152850,2853441,3624023,2657548,810735,1092652,718175
306,306,1614771,3518622,3592076,11855949,12600828,4028998,5035697,3919084,8134401,3561247,7880476,39595875,10249116,23410591,2011608,30437741,2119250,32201627,2036969,16166989,5988694,28123834,20502088,35324612,61759235,35276740,125870213,38577555,41288893,108650483,29254774,42979737,119186633,25406097,42121852,4488627,5558922,6818699,744950,835041,682059,17087132,3006066,3944512,3409539,1208334,480730,1012605,1110949,1590977,2517999,3392929,1608712,983931,1010210,579498
269,269,1868422,3617829,5810961,18557419,16813665,5839522,6842876,6273860,12378666,5910684,8591126,48859086,25919196,45023972,4306970,57445927,3255295,49011306,3938793,26432635,5096864,24903074,23425928,41491118,79303897,29989079,130266488,27208313,43818590,106642850,31732188,53263545,141704486,36206476,60461898,4484691,8711761,11640508,1404177,2025183,1634998,9794846,1792439,2854493,2108016,1377271,815786,1945079,1585185,2386143,3584504,4095543,2366335,1446555,2137767,1284011
402,402,3415346,6000730,5219828,15727340,13932217,5548907,6511773,4498438,14531559,5968090,12516307,66669433,20963277,48092158,3933965,64158050,4234800,70275124,4253012,36064512,7800876,32908397,25522910,38348858,62583530,22174659,109531833,30118409,37059980,115576626,20622620,59140695,119566166,29565149,42297065,4835983,6628713,7267620,1192553,1485397,1269338,9450961,2300674,5420229,3308723,738192,594680,968979,1404518,1402867,2972624,4148174,1870868,979083,1121657,680746
365,365,2004366,4713842,4193539,14442055,14740968,5342284,6953102,7128115,10271033,4518051,10966692,59656284,13166850,33900073,2968441,47936790,3569712,59044325,3379989,28218038,6905411,26719722,26730701,33246258,68554417,23340920,105248670,36254998,37284075,106270617,17836512,44850839,124696897,26726348,45106327,4967395,6635180,7858102,1434705,2056901,1610948,6959990,1958568,3299774,2710667,1024009,600117,1025513,1540307,1703668,3399148,5277915,2256011,1116721,1266873,729476
270,270,1680910,3429914,5092770,14943542,14227548,4661312,5877612,4255628,13157828,5122991,9038401,52569556,23181384,43546740,3718652,51448460,3150989,47922432,3279492,24133879,5496632,27989709,23098146,40827126,72343989,21496819,111521396,24247301,37822993,97051976,32989526,56195039,123396713,34684313,46619428,4094475,7288461,7606385,1494808,1942603,1534056,5066479,1031700,2442333,1284220,890958,493462,810318,1070297,1068250,2276511,2779491,1263203,805548,1293633,743691
237,237,1914760,4146505,4620616,14317297,14748885,4195048,5370258,5399090,11862195,4436453,8688039,54934311,18825775,36347946,3429153,49537534,2687412,50120907,3752565,25574693,6650309,31146424,24193384,34685297,65856217,26575080,122424588,28904328,44723861,115328804,34453776,53592779,140854301,30680929,48964943,5503705,7807427,8678850,1077882,1398770,1145194,10333278,1730599,2733720,1989162,998779,722362,902326,1346542,1173369,3253383,3835529,1782675,962698,1256212,802937
238,238,2383118,4807465,5402058,15312265,14244379,4749841,5356542,5207484,13643008,5442983,10156628,59431076,23737397,46133937,4182275,62154891,3300701,61193496,4140177,31859825,8226205,38238241,28170281,46578378,78248521,37786456,148220174,34293170,50064090,125753684,39593715,65833195,135750246,33247103,42959272,6605492,9090118,8962323,1150860,1455791,1133419,13574606,2327575,3115939,2290663,709839,611287,1101075,1190655,1361641,2746805,3044656,1577263,1076367,1488381,951574
307,307,2054299,3758791,4407919,13630455,12239486,4648443,4939440,4197587,9052638,3639465,7684191,40143395,14834526,31512153,2957833,39781056,2740554,39302156,2784041,19752338,5135522,26384758,23144888,34578047,60958195,20529584,109004817,30003338,34315551,98511398,31556081,53839204,112762843,27232625,39187112,3944863,5899027,5868436,934875,1176068,964156,6208453,1341284,1937381,1020552,806711,487894,809128,1052683,1198766,2335893,3026496,1364120,1104620,1500113,900240
366,366,1600147,2599700,3796488,12305641,10190194,4341318,4888935,4000463,8960314,3616010,6899492,39361572,13691066,31388310,2765039,39461564,2497299,41590747,2765525,22317047,5132944,23984445,21768455,30047463,53598789,18712655,85560814,20083231,26963502,73036216,16362463,41547561,83735169,19568710,28638655,2421651,4599243,5094081,1083293,1496179,1250419,3484114,994216,2107377,1226565,860965,660760,1105051,1416499,1632138,2792717,3635379,1737531,1045918,1235714,715750
271,271,1520486,3855061,4348086,14548583,16368708,4548355,6503351,4885781,12165545,6469121,8640586,52704177,21528131,40277477,3922092,54219710,2993039,54023742,4131393,28338488,5832789,24232071,27204991,37971583,85533818,23776061,113628898,25379271,40782593,99994992,30131581,48282876,137707558,31302991,54729241,3892062,7568633,9545024,1257891,1850662,1544650,6257258,1121648,3372207,1563502,973510,632704,1158698,1305556,1470537,2827347,3562363,1749480,917010,1277181,785953
367,367,2811608,5976162,4043506,15590740,15630390,5352409,6782050,5079662,12678052,5883664,14158714,83122782,16902177,36978926,4274049,56065081,4447674,59813594,NA,34256318,9423943,36229087,32417238,32898486,72727599,28316980,119495071,33360622,41920666,116618705,20809829,60113289,131055085,25860666,43503387,6436369,7331506,8001949,1257530,1880341,1843570,12076326,3786477,3181943,2236032,3271394,680126,1130593,1498831,1612317,3925583,4740597,4243621,898901,929256,562097
272,272,1800022,3512107,3684364,11713346,11687727,3874229,4804025,3900860,9833939,3679814,7377623,43591810,16228333,29431698,3035335,40036944,2619227,37356248,3139714,19605531,5513534,26089219,22290902,29950732,55850317,20968979,99835189,23123338,35900256,86864548,26280322,42745878,118778867,24639367,40957108,4340427,5767357,7248221,1035451,1239130,992487,7735250,1495018,3354642,1619328,1021505,660675,992950,1204807,1164045,2830500,3185313,1586136,1047973,1334251,770745
308,308,1457584,3415371,3655853,12896135,14388842,4418206,5673155,4619493,9555338,3139975,8113615,44642355,17268774,37299180,2922223,46065366,3067890,48115072,2825888,23675073,4259657,19501686,22800134,31295836,70335159,20388674,95131167,26117279,34958032,84844761,25113816,40559946,126342552,28515224,51954494,3121494,5709331,6765735,831849,1162709,1010546,6358117,1136773,3805053,1843608,897125,567304,787630,1235442,1138832,2565923,3458648,1576668,921195,1381606,822328
239,239,1471452,3095408,5138691,16220748,15536399,4695669,5900878,5224418,14199306,6734059,9529308,53854612,21325507,42515816,4240340,55393117,3076267,51165675,4057818,28032959,5209221,27673787,26913271,41110747,78026288,27832512,139054531,30795459,42544610,124808640,37703546,69267487,153335145,35932982,54563918,4952085,8748266,10532144,1758566,2377946,1978717,11130475,1696039,3277184,2002133,1062048,933594,1812221,1711086,2236177,3525173,4013764,2197018,1302819,1675925,1078531
240,240,1351912,2817265,4683331,15399959,16966016,4504628,6190381,6469433,12113195,5391353,7876316,54237847,23473855,45347496,4205979,58389571,3181303,57096523,4275734,30303434,4870162,26352966,20323854,39015421,71303251,30808119,124520478,22670838,40708505,97892864,30841253,51594239,121031462,34614859,51018238,4755978,7711947,8534774,1582858,1916636,1408472,10194579,1503890,3674022,2890249,494844,490309,1002904,857498,1232991,1881904,2240383,1154877,502008,786065,489145
241,241,2420143,4344675,4853728,13302351,12088022,4207771,4893613,4506542,9094813,4814385,8129367,51222783,13876301,30301676,3202267,45586417,2753135,50869813,3712194,26723219,6162650,33663306,24031073,36068898,57689537,28111471,127363752,28640913,44237337,119772131,38523886,65505184,131030309,29280783,38590180,6351584,7297354,7117084,994214,1256916,1007130,12563005,2177174,3118196,1975540,1096262,662712,1427786,1366526,1933358,3412165,4303234,2063201,1044403,1191846,766178
309,309,1841392,4088853,4713808,15997346,15786574,5309474,6390825,5597428,11465671,5601778,10014118,64657559,18830827,40033365,4055689,57268343,4093466,62613443,4714465,32185767,5427797,26149685,23439195,38038727,80365710,19365184,96485274,24898357,38322853,104635725,29397766,48934504,138903138,33224807,55545627,4052848,7362986,8576712,1355370,1755207,1421458,3402911,748384,2617109,1410385,1158028,516807,1227786,1133086,1813241,3130477,4113218,1986709,615704,864773,555926
273,273,1436902,2613591,6037807,17464336,14078799,5267202,5883452,4436567,14928601,5906015,9055463,67250400,19920064,43152479,3788222,54714648,3514497,60664822,4103503,30160762,5498837,35498804,23660292,49794451,79007596,25504822,136605479,28029701,41014270,147397779,43086896,74099227,153717709,41694998,55662460,5229444,9680497,8916565,1375836,1878126,1607586,7541848,1491169,2661252,1779873,889764,413144,811798,944691,1213638,2334183,3167922,1438063,1103544,1339468,938875
310,310,1571850,2500692,3377938,10653400,10186803,3577959,4213213,2400283,8544009,3039059,7153706,32231880,15134628,27073528,2603939,34116146,2097577,29259928,2241726,15652182,3671128,20608672,17099194,28077075,50644445,18110779,68054798,19550565,24710192,56797957,19479584,34319188,77575044,19597076,32769040,2912244,4207369,4821686,547074,631867,545613,4101820,858894,1912948,788496,710461,470760,702900,829869,835315,1773195,1842269,871205,920103,1224115,638258
311,311,1320101,3079180,3935140,13317566,16662716,4309145,6829002,4679565,11999167,4422989,9989037,53502836,17471616,36435576,2887074,46866257,2780642,46713304,2805348,23609504,5174236,24223390,24250282,33674107,70248461,23035621,113602362,29873358,37530715,108441766,31164741,48403793,151510084,30881881,56974546,4949008,7118465,9681536,971844,1166771,1010081,15451369,2864179,4727427,3596404,1255944,619681,1073716,1279698,1553563,3077747,3874516,1869141,1247773,1561506,877787
403,403,2210980,4173522,4380480,13509273,12418842,4719910,5723882,5537727,10189814,3934120,9524724,52228962,15067447,38922562,2947882,47851005,3743096,59271892,2831471,25234968,9003604,31853474,22257708,33950338,54690782,28258004,111323717,27336263,37141703,95219676,17722568,45318193,94463324,24698837,33653183,4403236,5216262,5404178,829548,1022041,834507,15584234,4582914,4658648,4777259,1152001,762140,1260566,2025577,2133955,4074393,6041503,2422344,1230957,1411711,772779
368,368,1876990,3421991,3654283,11970802,11254642,4211048,5271628,3517722,8237796,3342390,7498618,47255693,11375097,30461318,2376222,39461472,2617304,53192112,2714000,23864085,5712870,29826818,20919312,32068510,51852844,21444082,87308532,23569654,28112269,88621741,18395356,41386408,89640226,22584347,30435786,3575828,4457270,4532385,711064,965564,829447,10068090,3318986,3035726,2586436,606486,243241,464491,751926,876618,1742834,3027268,1198451,766066,945723,603801
369,369,3005141,4823139,3944454,11428871,9252252,4690480,4669892,3899450,9032590,3570854,7582259,44590925,13398215,32694382,2419565,41667865,2555302,49446313,2592783,25012931,6910073,34004527,24566098,34611726,53832329,28578958,112856005,29045292,33199378,98537202,20433741,52937518,106557311,22605607,29548980,4767173,5776519,6647313,1060734,1445883,1252790,14279456,4716826,2963629,2634296,1046633,501550,951349,1443664,1721913,3056538,4743986,2195973,1085708,1336448,840582
404,404,3048339,5668196,4352887,14521992,13114823,5336901,5831786,5346102,13371798,4147392,11723036,58434345,18624639,42992545,3647580,53386520,3795166,55147998,3733447,30239787,7254616,31984947,28806148,33078745,63525305,33018571,129552033,35851930,39241957,107814252,17420489,55324054,135294788,25267308,42200007,5073434,6833600,8901164,1055303,1499205,1363434,9115469,2459853,2889364,1586486,1210274,820702,1081770,2060248,1814858,4095413,5764885,2874432,1192659,1323789,843280
370,370,3374392,6592498,4728660,15559384,16318287,5521716,7305813,4967578,11725150,4796539,12861110,73059976,16191647,40493643,3923254,58526109,4628225,74276583,4731727,34357516,9263364,39638655,32516109,39573603,76185163,24275231,112606104,35760379,38770359,119118572,19714930,48958225,122456383,25313826,39508547,5824404,6813895,6962780,881959,1226866,1025230,7493976,2748217,2628676,1709783,1484287,432498,696208,1354568,1293865,3454072,5782588,2516991,989316,1130126,741261
405,405,2028262,4465121,3775230,13366312,14033907,4714079,6218651,5245513,12206251,4502052,9409583,62842123,18397815,42962606,3922880,53889109,4153028,64818763,4416730,31152935,6256318,26694905,26025652,30729354,60583948,19534662,92585195,22155836,29971597,91635142,16209281,44928802,110449216,25665043,39992895,4094845,5391277,5733675,1047125,1291545,984259,14415344,4222110,4002742,3112301,1019003,424683,669432,1225681,1085904,2564247,4258817,1965898,750064,932421,559116
371,371,2602731,5637388,3704531,12446014,12302714,4509280,5488087,3385101,9980146,4418968,8513670,55224836,14629310,29229185,2785987,44479796,2841423,48709674,3323525,26133554,8581816,30142702,31712825,25853014,55834330,23602704,101641481,24510436,35785346,107157727,19775410,47060347,120394819,21776113,33047104,5961352,5918306,7819899,952394,1181053,1054534,11577599,3948236,4807956,2172164,1975376,655607,1042184,1496311,1634918,4091650,5560330,3097148,1270499,1354872,879045
406,406,3122716,5443626,5435761,16041988,13352489,5748224,6227907,5903662,12001680,6904547,10471062,61478087,18528397,41292460,3653337,55647514,4064138,63188898,4029988,28775783,9205966,35938939,27800552,40425877,66588675,39497598,139466261,34796145,43034531,119895671,18985785,56252444,116837202,28345593,41406756,5140936,7870645,8515916,1369358,1843150,1537221,16951162,4856541,4494946,3432889,1628266,769451,1939151,2012173,3078736,4842347,6719038,3251523,1285280,1399129,801723
372,372,1691574,3429596,3761921,12900188,13140848,4414782,5863623,4827377,10141299,4457899,8784308,50366937,18502548,39248118,3276160,52601633,3266055,58384475,3342745,29170583,5581374,26488309,24158533,28171711,56253662,15459268,80037918,21584748,28807406,71627443,17272584,43373636,94942302,21893333,33114707,3598508,5125683,5802364,1028241,1263848,1033079,7887915,2625061,3743221,2206041,921882,395912,578223,1004803,910549,2290808,3293165,1536944,697612,979042,577464
407,407,2939436,5424680,4950389,15698817,14283406,5434904,6323097,4376840,11782285,4893803,11976526,68162019,16856746,40283610,3579324,58879885,4100074,71016379,4304517,35606629,8548085,37090902,28758048,39465658,66526248,30445917,122183397,34902257,40860282,122191428,19507375,57392360,134411560,27303797,43091916,5675573,6707145,8097950,994025,1290268,1117022,9479437,2650121,3667110,2111989,1086451,429754,908918,1327008,1588692,3452657,5265860,2494623,1161184,1377351,920045
373,373,2723242,5286451,4417696,14316195,12810398,5127659,6093234,4460932,12308259,5242062,9525155,54443030,17704604,36845393,3314741,48516115,3141923,49616006,5660106,25651479,8957257,31965337,28191084,35933824,67806187,27613624,107080079,25166065,38719744,98850814,21969244,59944795,108967465,24626237,38353378,5653047,6702796,8004555,1117372,1587408,1553391,10976175,3580706,3121640,2345931,NA,983066,1629103,2303714,2655446,5349607,6713857,4336254,1038189,1270215,750442
325,325,1676648,3520749,4041054,13298458,13093670,4742694,6281893,6347374,10953387,4400134,8433894,50977870,16027741,37740260,3249676,44553538,2832821,50005859,3459451,25727046,4852821,26000369,24324731,33078190,60160166,23713385,113199191,29516017,28419632,106752296,17871930,49096494,114293259,26475835,39023641,3135829,4469003,5462126,1189982,1876939,1709477,9668936,2529939,3089021,2216498,569561,437398,856991,1083990,1383390,2161535,3273078,1465425,1109888,1383907,952418
374,374,2069241,4461756,3911164,13286475,14494484,4737524,6498305,5933656,9570683,4373133,9705057,55403238,13398128,33959108,2701472,45637605,3414193,58167421,3173407,27422932,7229191,30227202,25114276,30177043,59929003,24123027,99309142,31024974,35647144,96142479,18158674,42115218,112960116,21392857,35829946,4672581,5344340,6605209,868462,1229842,972106,8640783,2735001,2704047,1971295,940263,298398,651015,859405,1283283,2046526,3413183,1528324,1287268,1485605,976806
408,408,3777737,6715014,5246923,14035599,11689753,5255005,5615306,4943962,13165422,6137093,12254018,68171145,19769008,39081895,4117993,59397942,3994607,60828211,4643507,32629000,10537088,43704698,30155106,40432831,59596024,37251304,130197611,35645351,45066481,126313208,22684384,68084727,127390329,27008010,34312928,7167489,7465193,8588928,1252433,1552231,1268950,18351952,5764919,3468754,2163114,1889955,744512,1502578,1827742,2187959,4953166,6167172,3330905,1558777,1692146,1069700
409,409,1449843,2547225,4393698,14689686,13985687,4838496,6383946,3905781,14090694,6514129,9787490,50416440,23949419,48224906,3361517,59554416,3189245,56857211,3040568,28913892,5818485,26105939,21573062,37074990,62502821,19773675,83711154,18691286,26063737,79374278,17104982,49465616,92701404,27653790,41147222,3784055,5448029,7507422,1235403,1630451,1450475,14870892,3836034,5032869,4132663,2398345,1113839,1901638,2520212,3138252,5163342,6509280,3403751,1231806,1506774,885464
410,410,3382994,5113159,4342197,11901772,9118244,4669943,4419518,4584258,8820062,3485830,8221055,46978798,13656381,30083780,2770130,40341233,3022669,44294978,2923728,21966739,8296356,35392024,22251221,33620371,47953696,31273792,112757955,29645227,39495205,96227085,17798516,52950730,101195938,21029018,29810841,3863087,5338361,6018799,862625,1078868,927109,12544834,3557497,2730549,1962828,1054925,372061,617463,1049966,1038119,2429699,3512547,1657949,1161023,1232025,788489
375,375,2071190,4650805,4132238,14017655,15660231,4830313,7032402,5381978,10672180,4915378,9606556,63602908,15916670,37367957,3421932,52246688,3483309,65266851,4181237,32359053,8351842,34209963,31614732,36402244,69748578,19960724,104630621,29592915,37661960,108435382,21887280,54713016,123927592,26523549,40602399,4751262,6999834,7363442,1248239,1868455,1625042,11230804,3961191,2884849,2402466,1021221,273051,590003,868573,1122168,2175880,3770390,1745768,1210647,1515795,1061915
411,411,2261301,5310696,3496762,12646722,15722529,4887766,6845487,6144508,12431804,6206613,10055011,61664350,20724755,40768720,3637216,55982515,3337561,57029511,4044624,30140469,6287977,28202229,28957319,31268354,65936666,27205886,102160014,25607439,30068455,92900172,17007925,47228704,123060319,24772932,43655436,4161955,6190300,9297498,949945,1320081,1235015,14773140,3713947,4424001,4630304,1731284,615216,1147113,1434038,1856992,3359638,4757265,2590843,1547519,1624003,1043049
376,376,1350274,2706882,3202376,11827185,11171664,4021265,4985344,4578569,8833036,3466313,6766516,39013925,13813151,32366130,2449772,36066737,2254747,40262915,2378737,20263585,4749651,22457660,21192998,26600528,52132337,18793381,87180007,22533128,27390089,76363049,16003112,37419367,94146209,19819241,32552310,3310281,4744631,5561258,1135858,1647684,1227707,5354458,1643357,2056026,1323811,1058199,465700,671162,1255659,1291069,2277660,3507356,1697667,818592,1025499,656758
377,377,2465403,4166636,4085345,11566477,9711503,4499437,4689842,4260126,6441322,2701166,7086633,39130774,10139368,25207305,2148716,34081675,2472281,43072442,2397961,19393939,5984634,29581370,19491766,32931202,48933878,19950501,88341852,29052838,28917799,86140607,18068239,39938516,81529819,19155405,25719479,3768297,4796929,4321748,709866,845025,670081,9148082,3167799,2515978,1867552,1176875,369538,527045,1062427,1062377,2482735,4045303,1736879,741271,927785,536770
326,326,1245386,2846821,2907647,11096594,14242652,3892781,6199016,6128066,8624025,3495055,7870777,47277527,15346427,35160143,2619177,46919581,2660006,55371354,2960902,26325345,5335614,25578138,27438403,26730693,56371970,16708716,81431895,22703217,26583682,76506038,14851073,41177631,120777961,21628044,38341652,3885515,4893332,6046739,1010393,1203808,947264,16257530,4357275,4636813,3790457,1204744,545667,1057298,1427488,1642975,3331201,4892046,2135984,948583,1172220,693075
327,327,1858823,3567103,3948156,12907298,12753616,4833235,6027553,5767144,9109993,3717513,8419453,44451343,16712159,40359685,2691125,44522932,2716916,49859346,2431626,22583788,5681067,26868894,23076391,33359581,56570643,28851477,111494875,29018148,31528782,89807459,15814064,42974588,97037066,23828204,36579295,3244023,4982191,6046786,919783,1326182,1150442,11062631,3179834,3036657,2281901,967342,599329,902458,1579669,1564488,2727654,4264798,1697612,1117966,1244689,795391
328,328,2579385,5316604,5152864,17003409,16112602,5554449,6901586,5652447,12625074,4820322,12917393,74475906,18620508,44602042,3807734,65327913,4135805,77740074,4709133,36226206,8412739,35249633,32044171,37879777,72675490,25697234,119080058,39836847,41751907,131198624,20208575,59860140,144660027,27039257,45429947,5530400,6989423,9663762,1203682,1505253,1257773,19363713,5992479,3829932,2979487,1104418,493717,758332,1408594,1270143,3508647,5288484,2404180,1270519,1466115,981785
412,412,2672565,4479734,5292708,15738632,12115528,5317484,5717008,5059088,11709793,3762759,10815763,61244227,15731544,37651040,3136392,46589133,3596532,55590573,3379817,25733018,6791037,32551314,22719781,38000005,57290167,24706667,109742775,32502413,35404000,112247478,20234522,56104823,107455038,27238676,35863196,3828299,5288460,5046261,984212,1228810,1016368,10536874,3063020,2973792,2142995,1253075,342092,482509,1201308,907115,2583657,4033772,1817850,828760,879313,571260
378,378,1545361,3260262,3605736,12202581,13161285,4258125,5942019,4023215,9808035,3783048,7586280,49476331,16964392,40294276,3005168,50102016,2759369,60150277,3290748,28778395,4840657,24752779,25980296,30514649,60675383,13117108,72214967,19198393,23519502,81186454,20070900,48115260,104422826,24321062,34014836,3555278,4924437,5700230,1032971,1527971,1258274,8008626,2542927,2337479,1818846,827782,246307,384779,658272,813775,1558265,2533740,1134173,693818,975158,654403
413,413,2395959,5393176,3709715,12956431,14258882,4511071,6125782,4564185,10029380,3622238,9570806,54813855,17320685,35302790,3029118,49840271,3246732,53340218,3265787,26458701,8942319,30488815,27498100,29785656,60563778,30570240,110404032,28676342,39896140,97582350,15123793,40672997,119666215,22211873,38922451,4418568,5347826,6851629,734806,1070014,955653,14585912,4297607,4072824,2613998,1218487,441646,702493,1159499,1153934,2968713,4051157,2036618,1159575,1441858,817721
414,414,1438853,3219964,3775702,12568210,13229013,4289980,5911519,5087231,10032299,3379964,8867905,55645244,17256576,36696326,3267659,50601127,3631888,57885231,3417437,27056907,5916067,26580203,20893222,30522316,56610399,21800428,83797374,20653072,28202093,75112391,15962914,39805379,90135122,22666336,34563493,3461083,4579483,4998283,830395,1105619,965051,9704068,3035067,4041989,2805170,879073,315081,472564,762648,769729,2014601,2962078,1214254,1115355,1430946,859241
380,380,2699248,4489528,4410344,13809178,11781841,4763697,5384670,3635930,8066824,4509708,6949338,41933230,15102776,34024340,2832363,46898682,2680179,53599176,3115052,28779113,5787732,31804762,27353191,31534210,53967466,19777380,99241102,27772117,28491040,98421933,21992255,60059531,104405856,22522053,29637241,4188950,5779670,6842275,990084,1521054,1206813,9774530,3334620,2685691,1480021,1126531,391272,887538,1054353,1794850,2572582,3863326,2125149,1206076,1714243,1209342
381,381,1407455,3014275,3419568,11947327,12255900,4215904,5712711,6054870,9258871,3197482,6988272,43898532,16191627,37071888,3006207,43965852,2754839,48033059,3019091,24425071,5124974,25859270,22124437,29804440,53897381,17222942,87315776,21598766,26994577,85708717,19585476,50948347,98567208,22754325,31993278,3140133,4717150,5343161,1065679,1537558,1511919,12751192,4153084,2460155,2847623,976082,347355,418107,926168,916297,1861441,2809876,1362352,821038,1178425,760381
382,382,2089428,4643148,3874271,12219265,13426145,4339786,6126775,4246847,11022345,5124681,9247112,51067309,14527308,34557106,2634957,45187712,2791311,51126157,2929252,27184440,7167498,29021974,28792408,28973662,59009494,22115259,95538594,25879538,32805167,89494736,19560455,48374463,107535270,23037293,34956725,4577642,5286303,6574412,1192182,1499972,1289511,9083387,3014314,3651077,2154367,1497767,469210,912488,1258467,1680792,2897208,4298190,2211816,1631170,1625748,1165431
416,416,2205416,5118617,3958474,13520588,15233790,4773008,6708245,4995917,12590347,5793339,11673565,61362213,18252358,37445269,3473362,54729644,3466730,55609633,4841408,30790559,7755970,28866303,28700450,32958425,69589814,28650623,106974407,32092862,36287062,100951334,16762385,48123254,122093815,24771891,43370755,5298655,6475822,9269714,1137586,1488979,1321402,20240469,5682012,4417933,4073224,2189557,566233,1077220,1402408,1694318,3400561,4694673,3017658,1429748,1575365,1068009
329,329,3228733,5667773,4572991,16163119,14947385,5562837,6388302,6220197,11625627,4681806,9634261,64992935,18084402,40643144,3610038,53738955,3631351,61463336,5672126,31329351,7635485,38086758,27955928,32806854,60077260,30399587,114123762,27902252,35349888,105807586,18251150,55380118,124137339,25462217,39457924,5092283,5739924,6680520,916154,1158436,998677,11081999,3144355,4674184,2371847,2252147,752786,1326579,1937460,2173985,4377894,6011231,3559559,1378214,1724385,1106497
417,417,2884838,6397659,5006305,15184024,16449103,5491057,7428809,5626814,15533154,8134622,12928083,69838884,23096922,41886430,4321014,64875515,4210553,60874153,4981216,35978716,8691002,33960104,31764322,37108547,68746732,21940541,103454763,30447707,38437481,120912589,21439702,59338867,130440380,30956269,48624589,5531223,6457359,8963169,1398266,1846409,1621421,13971850,3553168,5175696,3668578,1746805,519170,943555,1154860,1323760,3359054,4129678,2520516,1436000,1577829,1106340
330,330,2700995,5521723,4665909,15828830,14980298,5804078,6513433,6676822,13141010,4898020,10798500,62628781,18955534,44709668,3466063,54164370,3301156,62098784,3786824,30797465,6272520,29948179,28534070,33837317,67657550,22960617,115566698,28486329,32150396,110852876,18955178,53050037,125475013,27422004,42581557,3949953,5355320,5985220,1290752,1487857,1096017,13807184,3569796,3982398,2966452,1168372,587246,1050919,1562798,1746968,3305914,4732888,2253290,1316971,1520742,944000
418,418,2455724,5764736,4168242,13610442,13593157,4668007,5939141,3684537,12871687,5846801,13452226,71260769,18145521,39847910,4071743,58431664,4762579,63869948,4954535,30962805,12267591,39357180,30384949,37553152,72237789,30454975,108953763,31722074,48008417,104964648,18233515,51555669,114640436,24735352,38776387,6082505,6606573,6887613,1003817,1088806,877380,12287514,3231720,4486114,2858818,2222875,561021,1108003,1583900,1970144,4274643,6006219,3351523,1428156,1552469,1000577
383,383,1552731,4238239,3176132,11488446,14612245,3901339,6373983,3923945,9539307,3492741,9621326,54920163,14077090,32936573,2880761,47399774,3501408,57474589,3236707,27253964,8739156,32732154,26957277,33311876,64084254,26262455,100939872,30430911,40369549,97420156,17826498,41232734,119343153,21601798,37284379,4576958,5221209,5535524,968546,1196337,949321,9458507,3021647,3641174,2691208,811061,293977,504257,833219,804793,2203411,3353877,1332031,968653,1176150,675416
419,419,3258611,6002483,4691188,13884415,12950220,5142835,6059386,4752549,11165434,5276131,12087404,61300102,16060552,35360464,3216307,53297430,3701505,57737274,3813884,32506956,9018158,38183430,28078276,38256798,62433447,33619231,123686340,33846700,42991493,117123887,19617836,54644802,130233361,26855305,40946023,6128224,6126559,7128702,1065893,1306667,1070833,10925576,2590681,4560668,2843503,1431194,620320,1400534,1497525,2152463,3957095,5275629,2917824,1595250,1806340,1162050
198,198,1334077,3125442,4710685,15475368,16950033,4668774,6531709,4541061,12153094,5046860,9340471,44567373,23646217,44685548,5519270,55533055,5590347,47376038,5081635,27553943,4738400,15378120,20182580,27051291,60057909,20958688,73556069,20015818,28381790,53299806,11349499,33828464,85345961,22351497,40865620,2055612,4883389,6585331,917000,1153064,940555,8060257,2192444,11371467,2139266,922962,833059,1399737,1621421,1709456,3207738,3569303,2000890,1284122,1796683,830177
200,200,1735443,4054371,5268398,18449105,20173727,5273608,7068756,4772759,13848045,5214870,11022536,64264308,23156623,43212544,7123152,60904040,7790772,54940730,NA,34533108,4402979,20192269,23043425,30260911,67398366,21803698,83103144,23864572,28890912,65137868,13194176,43923878,106032529,25820478,51226221,2511071,5551279,5699960,925533,1163569,857512,6144569,1454243,6054565,1504177,2052057,637628,1088945,1213224,1283860,2873565,2944330,3132453,1221519,1432550,780572
189,189,1054020,3534690,4156762,16203817,20205031,4832645,7435433,4178632,14442867,5895858,9817621,60444143,25595551,38625664,6228561,52800822,7620895,44089107,6219746,26779747,3044713,12682105,18648687,25361620,74353146,9403918,45602950,12293429,25167251,56284977,9489635,28606265,111204801,23106045,63984271,1764420,5222544,6340568,940418,1321025,1029476,4208852,893737,5665410,1110165,560126,447092,797297,809955,808658,1817576,2026892,1083924,1126494,1488883,748925
194,194,1670317,3443398,5306386,16026933,15304165,4998148,6293677,5193702,11752546,4537575,8512347,45845765,24036267,46675792,5298605,55816273,5757795,51956157,4715052,26955942,4084292,18669732,17507655,31823087,52998057,23206512,90635787,25151191,28192746,70747272,14366191,39444221,93997618,24594595,40402935,1951317,4725721,5171243,892324,1239282,1076936,7812727,1668317,3509862,1897068,811254,812437,1343270,1729553,1799420,3458877,4084342,2017601,1276904,1662567,860345
195,195,896589,2907892,3994825,15484215,18982914,4597166,7032204,3209337,10318750,4149064,7194942,46256786,20247440,36327656,5433598,49318276,5699545,44435343,5786683,26876189,3346804,11257317,18890686,23721918,66586345,11352649,51874479,13857997,25108174,51715799,8769342,26600206,96312666,21899848,54177637,1333870,4151837,5218832,832485,1192081,1016224,2598934,562553,3786161,795477,1068508,723788,1251529,1427899,1502380,3003081,3283003,1895080,1120723,1252431,701684
196,196,1850974,4842755,4530235,14147081,17012731,4538993,7062722,4178857,13018610,5286966,9785082,60832646,17938534,38263475,4202454,52176578,5496402,56750326,4777713,28771795,5262306,22332751,20334721,30962137,59545312,22376528,93990004,26501599,31434308,93965662,14075685,36181794,106307710,26868667,42878211,3166427,5113225,6009487,771617,1241558,1039906,11575933,2516816,6296764,2775513,1001606,556301,937696,1286018,1289324,3179525,4240596,2045440,1315255,1410291,782912
197,197,525768,1917440,4392898,15133167,15868439,4450337,5948439,3740992,9710780,4551947,8203339,45555368,17683670,33348339,5882281,47309715,NA,43520825,6789241,28247624,1030716,6552920,14315481,23453134,56707690,1546598,14212190,6419810,10582421,32902395,7158960,25585036,96006937,25267872,58282779,774507,3724714,4160234,1011238,1709806,1178370,2384587,691559,5005258,719880,767681,399603,751843,900750,913456,1815392,2535979,1556353,623693,747674,436209
199,199,1251817,2884355,5534906,16897971,17068941,5006823,6590216,4274890,11756663,4178555,8017287,43563273,19173569,38350392,4371337,44586410,4316326,40959841,3939502,23615738,4213324,16413346,17121134,29969972,59263640,24249487,89382530,22858821,29275006,67775333,13892544,36795862,90041460,23734001,40436248,1725354,4382962,5099830,916298,1137506,858183,6072948,1468379,5838787,2266234,970057,983407,1643014,2016303,2200927,3747838,4359040,2336980,1111239,1225928,680249
379,379,2492338,4204752,4529892,14178167,10617742,5191486,5127060,5447375,8827187,2879653,7566763,47431334,13703270,32539250,2883210,41422438,2737548,49199152,4480893,24994333,5865600,28094920,22432512,33974087,55558423,23919395,110562905,31230132,34677538,96949085,20646057,55591808,97672494,24672310,35233061,3356041,5228780,4871631,1233311,1900907,1503099,5699078,1820439,1877133,1211343,1968368,286285,422920,911794,935171,2036999,3213267,1947240,796765,1004781,618578
331,331,2102145,4620065,4337445,14570489,14845928,5135010,6540699,6308514,10427344,4567886,10212611,52155863,19715319,47931331,3464461,56832068,4008950,65787137,3172957,26758770,7539115,29009949,27487917,35021528,69135375,35659565,130027039,35793430,39972424,99685493,17142267,47297092,124453054,26406010,44991554,4635183,7060770,7509618,1051993,1308250,1073108,18341892,5541588,4666734,2913272,871978,482541,1200750,1503112,2159067,2776579,4699723,1885899,1055704,1466901,871733
332,332,1771600,3304854,5066379,16312697,16127308,5314847,6909026,7504006,10731602,5978300,9386657,56570295,19493919,44159881,3491492,55889171,3241883,65139929,3618683,30261601,5548052,29433835,23690747,37214749,66285958,27632749,105175181,26777282,30011749,90451758,18436525,50756968,101096398,26688834,38969742,3767904,5978701,6247837,1314503,1669377,1323934,12346603,3547854,3746627,3116645,1452326,647694,1557431,1811584,2776598,3452067,5819335,2746426,1030074,1333829,826089
333,333,1505074,3933740,3445905,12863690,16350550,4518804,7183773,5780813,11849465,4444588,10912257,68827944,18569510,44392086,3746134,60032986,3987670,74161574,4492726,35682514,5054314,24849390,34480856,30157740,69573046,12978184,80994062,23522824,24965202,106027695,17687127,47045643,137279251,25651522,39415056,4247078,5650178,6610794,1073436,1413501,1134129,14717444,4426610,3574752,1919899,993214,276935,542246,889736,923042,1798084,3616637,1681052,1231980,1362518,946600
384,384,1554911,2695761,3607507,11577848,9649279,4164335,4563433,3360612,8419657,3294436,6120146,31505218,14055410,30587106,2383788,33598681,2211358,33605450,1974528,16296397,5253775,21980311,19220125,30453330,51416968,22606478,85720363,20733946,26808032,63572306,15418746,41887823,76243249,21211075,29995409,2960434,4159006,4953947,828601,1013526,881903,11224676,3612937,3601017,2816686,972217,794405,1416250,1719083,2176680,3195137,4195381,1914959,1203134,1583681,906723
334,334,3199480,5266836,5082944,14439777,11633042,5436419,5478730,4741190,11163825,4997061,9348435,56770673,15228069,38046231,3235829,48388425,3098330,58814050,3626458,29550135,7775561,35001447,28860348,37419899,60331095,29339555,111626161,27329840,36961326,93791260,18659915,57194607,113986150,25580308,35396652,4545008,6448126,7178395,1056712,1440301,1214328,7119425,2063588,3435167,1197651,1432972,510052,1387163,1667106,2759793,3064164,5652953,2912098,1441471,1606460,1197878
335,335,1012009,2954688,4656043,15544664,14775870,5376926,6298638,7657919,10978442,6967707,10036850,48941404,23060533,50000906,5132989,62209319,4293831,65422872,5247733,33336024,3065736,12949466,19225035,34468980,68628613,6515592,40091968,12209206,22683993,51384491,11071145,33271939,95298951,28480942,52008890,1851094,5501173,6083588,1647100,2260152,1491179,3244992,987091,4328902,1110559,1193698,513736,1209175,1460169,2199711,2749864,4292053,2119864,618432,921597,574551
385,385,2281476,4039156,4044042,13021511,10747821,5003434,4944494,5395640,8748479,3770241,8047918,45463768,12344520,32821364,2563880,40164277,2735335,49269036,2732743,23797906,5600054,30405720,24224896,34206669,56884369,28525463,114522381,30190824,30678830,95925614,20016458,51506029,97681685,23503844,32138273,3440942,4897615,5090085,1145353,1672833,1232763,9816892,2855655,3211531,2547987,800308,536571,1026403,1567432,1837663,3092532,4899434,2170901,822655,1087563,733859
336,336,1963505,3445771,4148420,14762704,13595313,5038653,6092260,6824932,11501631,3764429,8645007,55554978,16892768,45766342,3231908,51852337,3261506,68521079,3378629,30230443,5428514,30227276,26011335,33635257,64539822,28336073,112245595,27019844,30783352,88727014,16436991,49693905,114513311,25537166,41061322,3492878,5703995,6519674,1307963,1804162,1451807,14826046,3851319,3477232,2575628,1031963,391510,689300,1427653,1535556,2602932,4771535,1937134,880818,1169765,813757
420,420,2648999,5274685,4431944,14883056,13912340,5454116,6203000,6112864,11811409,4041293,12395510,61375676,16238267,37602010,3810415,49684514,3980605,54501723,4236206,26884920,6620022,26660279,25622456,30912018,63943843,27041199,99507099,31810978,32301606,86272255,14284947,39806711,99057006,22038372,38644491,3726840,5470232,5649093,1156027,1537447,1119512,10163570,2828252,3387769,2054997,792657,428911,683241,1209481,1119581,2658406,4068972,1772486,934961,1292883,748975
337,337,2191203,4947229,4213795,14473452,16618751,4915941,7198428,5278120,11836379,4871138,9890655,66391628,21911131,51457628,4335109,68103145,4233100,81491536,5114220,40165268,6546234,29492413,31032050,35567416,66402227,18625821,89121299,22496217,29243001,85208296,17131366,48950596,110537848,26418293,41268930,4123603,5309840,5501565,1134550,1311527,988010,16853504,4749334,4572801,3405573,1052963,270213,493937,954461,922957,2057085,3727393,1734097,769850,982786,658479
386,386,2680736,4645506,3739284,12294922,11404828,4895818,5227807,5007314,7647974,2961331,8275205,50968218,9947182,27746015,2571734,39889387,3419843,57689517,3016477,24254959,6731712,31857177,24409863,32597100,60198216,33230979,104050957,29948425,33881014,95859307,17913000,43192787,106652821,21291956,36744476,4698344,5544591,5921394,869714,1082694,833952,8113136,2455886,4224387,2432591,602253,278036,504346,806521,889661,1879811,3571124,1227456,921207,1095271,645534
421,421,2629741,4527453,4745828,14835381,12955155,5526293,6039496,6265440,11598415,4118218,10002585,58025273,18488461,39320395,3943590,52190879,3870823,54681135,4182813,28485380,6643591,32148357,26077156,36236300,62118279,28564084,117249208,28471929,34054060,102498121,17472130,50375640,106792698,26664110,40280123,4398510,5517476,5415193,1124649,1482043,1162037,16320780,4394694,4868561,3131850,720468,556277,823802,1256568,1142180,2827493,3762954,1760345,1215367,1551635,909631
338,338,1439410,3359795,3849825,14217231,16541245,4875289,7120605,6050883,10618660,4549875,9152526,58546556,16720516,37718059,3532799,52750381,3171356,63695145,4322616,31840037,4527454,25445981,24925267,31851121,67041136,18940030,81449843,23619564,24580183,81362763,15081185,39851044,103609148,23006263,38942347,3194128,4536392,5464199,974864,1320970,1140429,10600078,3086660,3632775,2344582,1144519,355090,624704,1073372,1130593,2581217,3787457,1887915,721837,933000,671999
422,422,3226864,5086369,4713227,14246024,12452239,5440862,5794037,5086394,10558320,3939305,10344954,64846735,13916685,35636413,2956554,51266316,3495211,68086932,3431354,32234507,6782288,36256239,25624756,34540872,57965447,37012169,117432577,32308682,33584326,109858169,17910986,49946866,115241616,24321214,35622317,4623255,5314826,5427653,959815,1345934,1068842,13119491,3383910,3434553,3019276,743481,473160,763222,1272757,1313364,2882424,5018132,2091395,1010603,1307852,782370
339,339,1637171,3592816,4445307,15043955,15182074,5094266,6919205,5961432,12336812,5078041,8261473,48698025,22863457,51725328,4284722,56578075,3659094,60614328,4221044,30028345,5727387,25431019,24949796,33664491,65687498,22674886,100544448,21903052,29561964,82417125,14580784,37718828,93058945,22265643,35546305,2336773,4199851,4144918,1200553,1485277,1149866,4645633,1308361,1897184,938665,568182,300534,504005,841888,912891,1595240,2401603,1082891,792643,1127772,789866
423,423,1941422,3406763,4243030,14466547,13647074,5103722,6323384,5169639,12536115,4464373,9426869,46557762,21443565,51384408,3963085,59131962,3779917,61485479,3770972,31197962,6331081,25122199,25846567,33538057,64756289,28973241,100435996,24640762,32133720,71297133,15048428,48097299,103379509,25375625,40754492,3332947,5240845,7801301,1266925,1903216,1806641,10123367,2424903,4537889,3445296,1041061,1018285,1706167,2432178,2723860,4507014,5877414,2795129,1128442,1498945,939611
340,340,1924455,4559963,4438694,16744896,18354607,5627153,7892026,9013042,12628058,4511381,10264707,65229265,22090643,53527590,4112908,64487653,3903152,77264454,4587352,37379761,6551460,31834920,31235586,36861782,77830350,32284479,131276814,33008175,35974565,116536638,16638889,51250006,140277157,27126587,47529308,3861309,6490585,7905026,1554668,2427009,2076062,9512462,2277534,2259010,1920811,1346744,493339,1001676,1457225,2066630,2919059,4743571,2333470,1460355,1800422,1270586
341,341,1926982,4464627,3777239,13885439,16770784,4903233,7104081,7179388,11594795,4858192,9981556,57009272,18095915,41614876,3311007,55006480,3122742,62250210,3850344,30235919,6208529,27372110,30452262,28880549,69212690,22490585,100632902,27997900,31151248,85523934,15296740,40965930,120328844,22669964,42899040,3910712,5547207,6330478,1099247,1437106,1137959,14207596,3487336,4914463,2827768,1034775,293674,759248,971378,1407500,2208005,3422483,1713395,1437353,1724610,1255148
342,342,2032287,4739006,3866582,14439571,16655016,5227675,6844324,7756111,11268927,4064133,10662736,56722016,16888261,43908203,3508307,54116225,3627142,66486658,4327741,30299201,5842996,25484749,27376246,31139913,72302777,26484851,112552093,33686674,32542328,96533066,15243627,41070452,124858085,24099075,45554071,3548108,5451329,6743706,1357188,1880649,1387044,14800734,4158821,3411577,2540013,1158511,338219,622725,1241552,1430706,2566661,4513414,2073623,1041917,1303035,910389
343,343,1413694,2902821,3689540,12686766,12085348,4425394,5473350,5036359,7879666,3610096,6991850,39884826,12053717,32286087,2201981,38947287,2325514,49428692,2323540,23882813,4515212,22429631,20832710,30772839,57930918,27146303,96511948,26127416,28547176,87282657,17174755,39039344,96550609,21480182,35634008,3141555,5677582,7099983,1260228,1746805,1406825,8349948,2378867,3294302,2892733,780769,338719,849579,1069995,1642777,2195397,3851563,1667458,983067,1202654,810499
387,387,1569374,3561129,3142899,11247615,12565027,4107586,5597273,5674449,8442493,3057327,8208288,52823941,14385648,35163074,3112468,48842231,3391439,61833448,3386124,29671481,5915960,27143542,27102016,28047219,58338725,23236474,90899049,24470748,29589743,81008778,17694677,41751358,104556734,21318291,33132483,4012206,4601745,5161109,1051615,1283844,954047,12913570,3803067,4065658,3252801,760301,495876,678059,1215802,1041654,2943139,4547863,1927152,643999,973896,591719
344,344,1775853,3398292,3683712,12695544,11278426,4498577,5073275,4366305,8757620,3385229,6033455,36243708,15990522,36453210,3340249,41842966,2460164,43402322,3111417,22821728,4221591,23816576,21402816,28951631,50066733,22309124,89376437,19249694,25476156,74532925,17328296,47375236,91086441,20276066,28665101,2828141,5241942,6341484,1037742,1450625,1294300,6935465,1974007,2651650,1791204,1071551,852223,1194727,2026487,2014875,3516751,4669327,2231664,690078,909385,550542
345,345,1561121,2954519,3695967,12638306,11398020,4342177,5078873,4561748,8073070,3301682,5962610,37448189,12976595,32389727,2445288,35665005,2128903,41988096,2360419,20263410,4410663,24387652,20173092,30043150,52537782,25938614,98850235,22868843,27376268,82646445,16814089,40817241,87130844,19428344,29734055,3265119,4934399,5669246,923510,1162705,909403,8279946,2487435,2795901,2239112,838188,531715,980736,1428282,1877740,2605894,4074247,1771650,867396,1096830,681658
346,346,1610921,3583775,3612871,13173837,14013981,4908601,6210303,7045544,9301591,3896403,7296959,41203261,15521476,38704555,2874940,43505181,2794293,50312805,2669352,24338230,4793413,20421820,23386351,28653184,62840729,24019534,92280733,21704629,26230532,72988482,14976984,36404566,89541074,20229230,35374461,2607493,4689940,5073702,1342763,1879968,1442358,7221657,2204850,3081592,2126730,781097,479028,868451,1338977,1520784,2321582,3827556,1587366,852032,1026969,659465
347,347,1503150,3213041,3499095,12411944,12834972,4245349,5621430,3732113,8599329,3574864,7632039,49232840,14130519,35839677,2936562,48141687,2882118,60684645,3669192,30819227,5689209,27723238,25128451,30282386,58450540,20577301,91017147,25072808,29486789,93373403,18967238,43020285,102831778,21532089,33926132,3959227,5285096,5936808,948211,1234420,1014795,9763391,3199527,3033517,2161650,748760,301292,594155,879359,1083660,2060720,3417280,1595352,917735,1189499,778021
348,348,1569151,3330632,3466104,13115606,14883936,4614285,6516622,4565275,9888659,3926962,7307311,50039874,15465309,39852209,3209777,50118799,3010586,64621974,3717110,31643735,5006923,24189854,27497139,30526095,67707866,18703027,84416578,21192194,23408380,82925901,16566088,36396391,99006706,21284791,36053625,2997703,5067311,5673044,1016839,1345978,1179266,7578949,2330108,2760099,2264385,886944,472149,689689,1307321,1167173,2663407,4538228,1991108,697265,884453,585415
349,349,1423613,2933860,3422230,13488160,14311976,4687345,6253029,4315316,9541025,3778442,7310566,39846437,19882136,40957206,3147836,46752008,2496957,45567234,2928661,24249226,4677327,20708020,22556705,28570636,62396692,23138378,93197132,21335391,29779010,71119322,15837456,40312904,108777437,22825348,45441188,2692181,5891221,7206434,985377,1305770,1186154,6032760,1568866,4571230,3101516,871778,773927,1176989,1677644,1762214,3012442,3884349,1880516,692997,985748,588584
424,424,1762449,3914562,3582492,12690660,14400575,4445905,6511860,4552024,12448378,5103596,10232864,62567226,20987852,48446735,4472628,63445044,4928618,73246852,4847436,36534005,6670165,26592889,27150937,31054892,64813612,22398097,97925691,23442031,31430700,86438378,15742400,42967491,105448441,24200717,38675592,3505130,5061892,4943371,918863,1174014,914643,8099627,2198230,3656156,2203832,572151,430918,669956,953578,877690,2066479,2984354,1294053,599466,780222,417752
350,350,1167790,2306887,3372595,12038836,12036549,4260077,5640778,5343199,9798722,3600154,7129609,41803781,16422143,38125242,2867803,43429840,2607839,47336271,2691950,23894406,4861424,21371191,22947323,28241170,57760692,25538484,102025503,22150530,27625308,80757025,16459098,36582734,91965718,20564790,34116057,2674510,4816394,5862627,1172419,1667845,1422092,8466003,2287138,3779903,3003161,845403,718095,1042153,1648954,1717733,3100341,4264056,1942192,932274,1211437,729636
425,425,2342961,6271929,2994134,10880763,13327530,4227065,5697179,4177381,11383624,4494116,12684892,63049733,14144881,36942642,3257934,52381590,3878940,63008995,4070833,31814148,9235523,29188543,34778199,27027530,65301980,24186748,100376919,33185669,39958785,106602918,16523712,44133354,136226371,21870951,42869435,4977160,5022256,7365137,867354,1074673,840316,11174018,2862358,4730938,2831965,706802,416882,670706,1078319,1098033,2477923,3858935,1700400,1415646,1548474,1050086
426,426,2117340,4632739,4233021,15294112,17343005,5347658,7438228,5934073,14089896,5530621,11266895,70794983,22224198,45558454,4427050,65172413,4472387,68855919,5146890,38769867,5657716,26264218,30908064,33218382,72220566,16730078,95387607,28699545,29020460,106774022,17309672,48392337,132206082,28572411,49281031,4057297,6723442,6625694,1292739,1553836,1240568,13053215,3061547,7514786,4042974,844286,692425,1041473,1416720,1374116,3403271,4580535,2352037,1025324,1314075,756115
351,351,2447599,4636659,4560025,15615599,12791535,5838613,5776355,5139871,11175606,4710952,8459117,54131052,16658636,36398920,3573664,47892470,3059605,50656358,6431857,28878629,4986331,27759815,23092001,34436846,61339279,27579438,114084859,28541540,32685331,103495277,20645082,59447852,122242366,28381093,45350119,3875878,6337370,7575629,1477803,2056038,1737244,9600300,2719488,4079688,3156791,1993317,668214,1269086,1520891,1896717,3402767,4394214,3197234,888564,1219412,730152
427,427,2964063,5832240,4167167,14282520,13254501,5329754,5806895,6960472,10688491,4910662,8530287,65983338,18969701,29551828,5738162,56782033,4087063,49882590,7668825,35242245,7191571,36013873,28206810,28876139,52034836,25856294,102856368,19755269,34702576,106591651,17304326,49296773,128406135,20544795,35198684,5222283,5127025,6079418,1176257,1409634,942357,10205185,2546964,4729636,1981851,1291616,966418,1637736,1489834,1654695,4576328,4504480,2876458,1204032,1376084,888706
428,428,1855872,3607376,3919110,13042417,11550661,4738050,5501768,5319488,10398232,3734658,7917761,43543265,16008229,36269730,3193183,42806448,2928186,43462150,3070156,23579417,5939693,25441079,21071650,31663621,54805051,31949309,108482634,24651991,33461877,81502330,15183410,44532169,97852773,22555076,34896610,3008781,4991729,6025883,1047967,1482253,1272763,14982978,3571059,3882979,3510061,1062951,1077858,1610207,2321298,2439676,4155669,5315797,2618133,923583,1063042,664901
429,429,2158997,4203133,3743208,12745178,11939923,4704874,5465167,5675553,12140134,3893526,10206296,60281769,17276871,40052659,3472858,51806894,3390220,59792732,3688313,29798718,6055746,27192733,25547399,30256966,55242392,22377644,96546088,26731159,30308050,87794725,15375656,45938911,101779126,24958025,37134648,3372006,4754820,4681571,893736,1093252,852902,16294137,3710804,5266828,4365145,524073,332082,513340,801661,774937,1706218,2616544,1163736,977386,1157042,686469
388,388,1280194,2785565,2812452,11536428,12999719,4152594,5700539,6190316,8211979,3690209,6961475,49452581,12318261,31216214,2522620,42379749,2381436,55353556,3004104,28062635,4373157,25535539,22704894,26103599,54091368,18903376,79752573,20569425,24251937,79023061,16588848,39115360,103209398,20608906,35090822,3297717,4902123,5270553,918260,1325171,1109048,11962677,3463939,5009342,4744896,785045,428787,899284,1083874,1471843,2376433,4141538,1903231,962071,1231086,809076
389,389,1905249,3975305,3450786,12289294,12306006,4519391,5465506,5489195,7933424,3126416,8945327,48925409,11841595,29632125,2913815,43561879,3377631,52381470,3437423,26151854,6191468,26973204,25085425,29079219,57305070,25366736,97716809,28883818,29826684,90053531,16729761,39753941,102943475,20923184,33696611,4179628,5275090,5987829,993559,1224115,915695,10356221,2965825,4027028,3230013,1089113,664646,1035445,1651157,1648279,3832714,5585724,2449403,757792,1002157,554097
390,390,1970062,3613304,3530997,11893875,12704993,4281452,5784485,5008381,10031185,3987074,9613116,54256580,13092444,31547668,2735787,44718948,3027924,53491511,3207862,26458712,6903756,31976124,27403013,33565387,62736812,26151756,108806489,30225308,32378071,102029104,19975308,50053109,112215228,24115093,35739867,4507672,5647819,5895891,917475,1047313,859866,15731910,4064521,6558819,5926571,831730,558092,922371,1296643,1418482,2888286,4278335,1806976,1171504,1409724,812714
391,391,2383252,3957126,4080416,12372655,10062415,4436473,4976419,3902909,8106895,2955577,8507705,47248116,12180831,29573432,2814982,40733306,3046057,48632719,2879319,23408124,6332981,33792700,25264205,35931082,53025432,26483677,114829332,33559563,31911691,111516553,21704967,56544449,116263556,25582364,32743313,4581437,5730682,6442149,1004707,1419918,1259534,10104833,2992023,4488080,2810465,714131,571268,885831,1333187,1341327,2950746,4380935,1858630,1259929,1611066,945723
352,352,1739744,3818610,3402015,11749792,13224792,4215354,5965837,4652326,8856231,4078521,9315863,43541025,14210509,33766698,2628267,44889621,2630763,48696033,2729964,25041072,6639175,26787314,26657310,30385974,61111137,26957805,95277599,28046997,30618387,81148460,16358156,37824374,105043395,21199842,35197493,4643610,5434997,6712060,901228,1117315,901617,15534118,4124252,5859010,5527996,1344251,907380,1797307,2186570,2785739,4664876,6203254,2972086,1177158,1556495,938125
353,353,781636,1779121,3428129,12946858,12824733,4480067,6005501,4892052,8332228,3123226,6558407,41920000,15598400,37355126,3332234,44292085,2854966,53118071,3600487,24802934,3731259,17456337,20175485,28617888,60428921,13628099,69444516,17505745,23599536,66182151,14284004,31982704,87175549,21341165,36736560,2272713,5067448,5747830,1065763,1469745,1331051,3653826,1048977,2572109,1415953,630307,463207,687371,1112445,1069615,2158481,3334788,1341029,644083,972599,549255
354,354,1845825,3783142,4290523,16000304,15653484,5525499,6341725,5491988,10648057,6774176,9905402,63393808,16702924,37130241,3371971,52451718,2523185,56843568,4574886,33600825,3383977,22171602,24464896,34327606,69477224,13068825,74434561,18704118,21904414,83586333,18469583,52909384,106851553,24077362,40434362,3704716,7075995,7817531,1288609,1960932,1497838,4821319,1412276,1921245,1313877,751625,368271,896986,874855,1295244,1916983,2812887,1524304,592425,704657,530348
392,392,1912564,3746899,3700457,12845626,13412420,4645993,6083355,5373131,9944292,4044621,9155714,52766078,13653340,35364709,3064719,46948291,3391899,58504976,3893540,29645379,6936237,29237469,26750923,30797843,58950030,22854654,100806325,27334846,30706343,94828918,17429744,42916707,103668357,23191055,35978166,4188462,5756173,6077627,961307,1175796,931016,10828547,2902006,7008919,4455781,931835,528963,984964,1347254,1651134,2903410,4703649,2313913,1129453,1397550,912897
355,355,1470499,3198191,4010924,14259984,14758566,5073053,6672575,6589905,11452378,4129834,8073643,45856247,21319411,47214852,4002561,54355239,3165160,56162774,3923452,29620302,3972170,20105452,22503897,30571209,60316361,14591405,79114904,19145606,23034109,70598015,16496864,41432370,98398309,23142034,40581403,2502566,5149341,6039639,1256028,1647095,1334183,4420700,1198876,2973637,1913046,579139,647615,902627,1413500,1291148,2375948,3295778,1558041,788438,1190730,722322
356,356,940951,2433371,2693704,10173938,11248733,3611559,4823619,3763438,7293746,2987946,6321268,34904423,14525088,32710081,2610555,40460100,2645361,45116270,2450416,21622519,4148148,16755473,18748264,23661328,53127183,13852315,65201182,17031195,23268104,58728830,14021341,29569312,79091492,17634313,31392219,2348088,4074137,4861536,881976,1065437,803784,6043086,1692639,4031341,2699931,590839,512813,917007,1169374,1329003,2400550,3307948,1433776,614642,1008714,570873
430,430,2428610,4431904,3958779,13136402,12042909,4727236,5749293,4412526,10405167,4105397,9053028,47357093,16378516,39943215,3619990,52480940,3894318,56766493,3884034,30429183,6756478,27993998,26422947,30112143,57968238,28695112,108091567,28078509,32483159,95166577,16219563,44517957,110655960,22524362,35402354,4072375,5006524,6261288,951211,1261817,1125170,13594295,3143056,4102094,2990683,1041469,919668,1436977,2045652,2241689,4128680,5561075,2600898,930503,1229281,705839
431,431,1398331,2975677,4053482,13953662,13531924,4830765,6401133,5754381,11669929,3974633,10087573,60783545,18606257,44268505,3488237,57686850,4003784,68516367,4065458,32980802,6748461,26089781,21548931,34839922,63365714,30897832,118000656,31047307,35297472,106586168,16253619,42700485,109703903,25765359,42960313,3376643,5264824,6540668,1017349,1545019,1465561,15436172,3532363,5416359,4950981,986186,779211,1004029,1834139,1601241,3735933,5619755,2439205,738336,947319,500965
432,432,2287176,5040659,4133180,14359975,15860728,4847736,6864366,5616153,13644759,5124802,11346701,67414875,19110744,42990305,4010327,60445450,4109568,66042456,5143526,37858781,7975411,32581632,27515380,33935212,62909300,39683144,122816303,27579532,39597981,109386698,17793378,50678884,122902716,27119723,45541773,5056452,5633563,7037849,924593,1121881,894889,12908461,2823270,6907087,4360902,731237,576022,1089857,1229365,1537208,2811247,3727539,1996904,1646583,1783284,1150893
433,433,2201311,4524393,3753963,12516749,13118574,4355947,5764839,4119749,10537300,4179540,9849732,56381045,15037120,35287540,3172590,50894920,3309453,58748746,3868030,32737393,7376220,30746269,26789787,33750045,63523507,27271418,96498037,25747424,33493662,87740268,16022281,44291119,108089028,23163776,37711693,4274653,5169841,6005340,719500,798020,684589,9636623,2326761,5458708,3128835,793052,542168,1029249,1275357,1533752,2868798,4115398,2020005,1237532,1512901,947036
434,434,1911040,3632517,4322226,13740911,13076549,4891497,6006452,6275943,10028468,4517390,9342641,47626319,14441234,35099499,2997593,45748677,3294836,51088021,2981271,25743366,5844469,28052840,23250090,32651495,58329880,29667037,101575296,29401795,32418198,80717513,14833408,41850260,103636038,23626779,39526344,3422399,5055778,5378933,1031845,1285618,973336,10350599,2286782,5758263,4322048,608575,460027,1083543,1139969,1651252,2282991,3397421,1468868,1397136,1868024,1148175
415,415,2336008,4339838,4109128,12610063,11745197,4660828,5826793,4576475,11486663,5088967,8725251,45307039,19099473,42619377,2916300,50018818,2928127,52177059,2879825,26761737,7064214,27625281,24261779,31017253,56007101,25814727,104994017,27598502,33903602,91412047,16195531,44972189,103939650,23573908,35122504,3841908,5211758,6081010,1229934,1598387,1477020,7474473,1952223,3179169,1928490,1500907,679453,1123403,1761718,2054651,3477096,4992213,2470364,1208596,1600858,989071
435,435,1397254,2743518,4337205,15663148,15882893,5171246,7036789,7915063,13984961,3885083,11265656,54683666,22989343,49678186,3893012,60725518,3949584,60197610,3764209,33016058,5612498,24417151,24740018,32672152,67137949,30963334,116123361,30653579,32895623,89423471,16266910,47410798,118518379,27013992,49157894,3404359,5250967,7516393,1439008,2009149,1574772,13048312,3046155,6512515,4746728,730714,867988,1132601,1879943,1605145,3643664,4851948,2425325,1118111,1706390,1042715
393,393,1461640,3362607,2774451,10026351,11703760,3688992,5473042,4570578,7618347,2825548,8109257,51825003,11030078,27040835,2659551,42107482,3113492,54800661,3581232,26282089,5798745,26002660,24043132,27080517,52887669,17265490,79339131,24902610,27641012,84598017,16663659,37763072,101903673,19987846,31424516,3946963,4335383,4961708,824522,1157755,924706,13913285,4216364,3782419,3323837,974660,448368,689456,1136741,1085136,3120410,4823560,2116112,983489,1286919,757706
394,394,1717985,3138288,3646408,12462867,11793228,4336741,5406937,4124149,8227906,2766847,8157649,43090953,12670997,33714998,2588936,40954276,3005705,50565130,2557672,23208120,5917098,27315641,22976330,30639127,56751690,28314210,102095385,29709422,30574063,80943592,17429110,42563183,96451232,21184956,33354511,3736241,4934743,5647477,994205,1305656,990138,14162023,4277242,3525260,3714410,600998,439880,659283,1206359,1160812,2243653,3760818,1489540,856238,1158000,678300
395,395,1267787,2450952,3767444,12916050,11975647,4519845,5645798,4981670,8601896,3086652,8629236,49140182,11577066,32219395,2329937,42236918,2893137,56476486,2526119,26757144,4252993,22672335,20445391,27591172,50526580,12122039,71211244,22666971,23311489,78676277,19190616,42353181,92401238,21317128,31431101,3074303,4340623,4452288,913455,1180606,960662,9361093,2671310,4388304,3209917,979913,478383,742805,1331387,1319604,2843824,4811078,1963427,824669,1006181,650070
255,255,2154780,4663364,4391567,14041160,13552273,4622591,5505547,4778684,11245126,5144118,9588008,52462159,18398847,35708636,3365913,46341293,2884535,43614974,3557579,23628977,5653338,25264745,26489492,35576162,71314802,20524416,107060956,29415373,38786537,108007170,31340973,56219297,136944724,30212582,46832251,4730328,7298238,9687243,1280947,1812955,1470896,9405348,1585359,2369414,1457121,1390396,634995,1044533,1314468,1469489,2920774,3678775,1848155,923946,1102099,654484
256,256,3831330,6956678,5261466,13873344,10543795,4828870,4357648,4457610,12016045,5280174,15520508,62999521,18548388,25313061,4700947,40088944,3347670,28512481,4428496,16220879,11576833,43928417,27811294,39296491,55763817,27526768,123270472,46240892,58619719,119821393,36105301,68202535,131494954,28912792,40403482,7204129,7162785,5984895,864573,866102,592965,13245933,2067962,2858096,1725110,1824044,824335,1504421,1303390,1440963,3365259,2757629,1395320,1228903,1326130,541212
191,191,964312,3110193,3915385,16059152,22562076,4655691,7880583,4739215,11940105,5008474,10543287,51253018,21192832,41824212,5902353,55106177,7011080,50848138,6408818,30032464,4001135,13734913,21062751,25045708,71893718,18596739,75040360,22383223,29671586,61910901,9731043,28721487,107596846,22821728,54768965,2418473,5206734,6793166,854661,1189535,935260,3237132,721207,3634865,941642,1000329,705586,1371262,1514098,1784628,3083896,3487388,2077970,989317,1196113,664652
114,114,2566801,5143920,6019688,17171296,14999935,5472858,7083710,5731130,14455571,8315611,11714673,72645974,22698775,46929948,4272162,65635348,3951876,69395751,4632783,35412580,8223288,36601902,27065280,42178267,69071610,32761468,139539105,28596647,39720022,127471917,22817273,59417365,113537193,31337101,38546193,5413796,7138220,7626427,1454846,2008560,1594955,9104111,2346908,4429125,1715968,982042,372877,1355244,1084991,2065303,2664160,4097236,2148011,1592179,1806432,1289309
115,115,2839265,6592592,4229459,12997005,12817510,5225858,5626024,4912352,11915798,4423117,10548422,55931665,18478583,41907092,3007044,53277636,2895318,54706998,3200675,27367422,6713472,26593910,27741928,29819076,64160540,26235066,116260451,30283333,36021191,95746966,17484893,50068499,129775436,22933287,38372843,3979607,5437533,7662062,1028638,1397549,1072658,10628507,2280886,3854533,2044510,1405034,596604,1212363,1635994,2214508,3490953,4811226,2502819,1689704,1831244,1220004
192,192,961995,3544767,4131101,16497819,22305380,4685451,7572680,3514565,15275806,5855814,9350674,56854857,27215301,40389134,5652593,56812369,5577207,45530993,5266184,27981473,3627699,13675189,21610879,29015388,83286273,8577003,46976803,13262676,26697098,48832366,9089367,27661259,113761066,25420109,70258237,1975319,5848915,7193021,636494,968565,679133,3301704,773059,6733837,1245284,980978,644358,1110025,1056700,1046419,2614928,2537737,1490185,1280621,1583924,883314
193,193,2060945,4434063,5106090,15310037,14987819,4891499,6137847,3841509,11719929,4180037,8693221,44224911,18938689,36123056,4739345,43533925,5046513,38808177,4422026,21454766,5038433,19050787,18290756,31027448,56982854,23446805,85615683,22512740,31916644,67726760,12221129,36464535,94715390,26503324,47227212,2557785,4961805,6194593,793271,934849,749195,5878782,1279686,3703574,1460835,1031483,786194,1353596,1672835,1769304,3251209,3748644,2056554,1513210,1680660,978705
119,119,2412474,5160998,6281529,18368296,17161032,5495646,6684545,5344859,12657256,6224226,10460655,71398800,18728922,43090940,4044694,57859568,4002694,68913155,4778225,33214874,6479429,32677143,21151948,42158111,65828385,29036560,113639089,25904217,36578509,109790731,19379363,52536798,110063453,28903257,43361332,4770874,6861257,7687829,800805,1188443,1039270,9327523,1965393,5747550,2321313,1331747,563613,1335896,1569870,2120845,3300367,5786901,2692957,1390252,1430098,884607
120,120,3013484,5772235,5803231,16977921,15496712,5293698,6184195,4261716,11929642,5616055,9648189,53950377,20881989,44244643,3893631,57224433,3275450,57378898,4109159,30010752,7600445,31986660,25160244,37449262,67590684,42275854,132141035,29193217,39233508,98191535,20213685,59136995,109351361,25877226,37260492,4218119,6514194,7936383,1152829,1508130,1154591,16344496,3443752,5116360,3097481,1498318,1202824,2506817,2744653,NA,5830845,7306323,3906190,1779183,2011565,1212084
121,121,2563143,4608246,5850827,15138043,12766915,5118133,5573863,5764163,11494022,4159649,9764341,57616640,17471000,41542038,3663012,54927669,3747962,64642178,4306133,30405068,6103396,29719568,22850526,38057172,59857710,31330380,115102011,30915029,30983531,97104102,18528280,45146150,92056201,22942885,31819320,3413507,5551001,5357792,1097150,1428397,1109309,18290744,3785959,5617382,3962117,1226378,621778,1051314,1694515,1752700,3367564,5108183,2548908,1257034,1496282,799584
131,131,1420794,3048012,5267490,16999897,17372900,4954023,6845756,7673926,14998115,5107515,10714682,73243045,23905376,50055039,3923921,67650256,3638724,74055846,4871430,36232575,4238075,25914817,22993242,36912843,62342356,14125858,86327941,21720981,23323685,103153355,20175811,53960017,102317363,29297262,41179567,3563656,5665645,5317378,1389047,2025309,1536601,17268076,3752161,5736945,3907688,1636492,650338,977078,1644531,1422354,3781320,5264301,2932915,1066988,1656147,817100
163,163,2462314,4812480,5066435,13390699,12816114,4493864,5046322,6092301,13843842,5756179,12292415,60255150,22156209,45672299,4980008,64286861,4382269,64386532,5108995,31666225,NA,41837765,27191125,27349800,49467502,31500139,108534553,28051615,38065436,81468783,14576866,39445469,87362193,18381327,28967070,3399876,4656716,3985429,763848,874860,636066,10718653,2967649,8267320,1965250,1482102,1134621,1703295,2484395,2353087,5209552,6301738,2996897,1411000,1632394,843369
164,164,2425777,3860116,4244649,10789874,9329160,4323088,4135875,5340858,11136623,4796783,9154880,49132707,16806540,35354928,3791724,46523480,2883978,45545051,3972614,25132549,15911043,32507345,20216577,21262100,33093413,27790173,102530074,24354688,26667969,84238352,14020048,36947937,76762721,14793125,19914340,3283640,3344032,3612765,776988,1026603,710111,19188718,4737064,15599332,1866278,1005056,827333,1416005,1745390,2066817,3670456,4590556,2349150,1538118,1539994,857727
132,132,2020852,3448737,5496842,15803141,12627637,4937881,5389253,6012572,10915671,4451185,9964152,58436494,16123500,39634318,3160069,53393947,3309523,65928430,3592392,30944559,5380496,29347147,21593626,38118357,59849225,21873577,102914167,28660580,28077903,94547268,18267139,45870059,93412036,23275874,33302153,3303422,5181390,5019671,1088288,1494647,1136308,8191654,1871495,3664358,1812539,827917,464497,831008,1253446,1379352,2594955,4137914,1822509,1087912,1227690,735403
133,133,2723816,6144972,4790961,15237716,15940400,5232917,5856423,5816412,10893124,5212379,9886878,65928524,14808922,36055760,2893365,51232839,2922468,64831461,3563467,31685040,5728194,24389731,26136924,30542286,62706214,20446496,95177462,22136909,32175557,89667832,16983003,44894997,109136821,22322353,37730021,3911343,5914692,6873436,880270,1271236,951552,10601663,2494906,4671223,2012735,1938521,714273,1378164,1949519,2488279,4305241,7153231,3679378,1047087,1081401,722073
282,282,1778563,3977701,3769460,13422039,13332845,4398609,5618808,4331501,12841799,4780649,7313216,42880786,20189492,37357995,3416937,42983244,2759440,37674457,2979851,19245760,6173621,24443139,23802495,33819799,72545971,30445544,117260514,23282954,44888611,96007345,27153266,46644025,135786732,29731765,54666502,4223936,6985287,9903754,1150777,1617117,1425768,5790272,1171877,2580002,1095315,1371882,1027913,1662025,1952946,2086959,3723372,4253198,2154629,1120948,1523064,916205
436,436,1958326,4863995,3539737,12415130,13303867,4400723,5950894,4390770,10728557,3695333,11208793,50523935,16825552,36498712,2670257,47427613,2814232,47965031,2840674,24829862,8344379,29213296,24919579,31485322,63173048,38828021,126311765,39029953,43203874,98835672,15676157,43284813,121965960,23626564,42795171,4553163,5339754,7241233,977143,1118660,963860,15103548,3302646,6280513,4145500,732985,753445,1144479,1640642,1682118,3319336,4009185,1975528,1061915,1329371,701215
134,134,2662475,5090565,5684621,15890915,14579936,5287521,6394379,7256099,12980751,4885619,9818326,63182770,19043195,37167160,3307764,56022854,2900633,58544647,3631549,28527642,6837168,34114671,21884066,38209188,58194119,29974903,120671511,26668965,35795175,108553706,19382189,51942920,107888782,27446700,35304747,4394448,5702979,6333192,959530,1374833,1161593,20271993,4555170,5587986,4192713,1403329,736831,1134410,1677734,1595452,3788647,5573836,2785131,1170790,1389464,701367
167,167,1912362,3722242,4032707,12415004,13868622,4162572,5425911,4875256,12916714,3992073,8784408,49602659,20882928,39488064,3837057,49901123,2877117,45767130,3715378,25381561,15624010,29765013,20540143,24343655,44162079,30783282,101702434,21539964,29130910,73922259,12270488,32607843,85962325,18127018,32922989,2745663,3898336,4071084,611696,764467,673005,15672670,3180428,12006218,2355916,890977,1025823,1123219,1851701,1408766,3687853,4125642,2108740,1200766,1284001,678819
207,207,1216995,3142406,4419208,15159623,17699381,4773413,6872128,4886271,12220034,5372200,9519142,48970537,17970816,38761994,4526915,50810435,4793380,50846787,5044811,27515102,4190890,16696188,21091121,26898404,61567195,17628977,67297902,19233235,26907998,56117794,11429472,33957922,96942678,24150090,48343737,2174059,4567813,5593014,745450,958697,790761,7243302,1551470,5471602,1944359,1083983,774740,1445996,1738319,1952155,3264710,3951979,2060546,1323873,1400176,793499
318,318,2115146,4898581,3759914,13078909,14743144,4586847,6014743,3585983,9507554,3589087,8958872,49467908,17451270,33791366,3013914,43613197,2956158,42531564,2938589,20616894,7590567,27156820,27485089,30897813,70827012,31542800,118763882,30335481,44544524,98410496,28046650,44006520,133884271,26330575,48487858,4420613,6127832,7976124,819487,1123125,931751,11098749,2248742,2948530,2200912,1720198,845107,1462836,1701524,2029723,4017373,4788086,2334787,929787,1112417,532955
399,399,2293222,4025450,5115814,16634507,15915705,5458829,7359274,4887153,10368492,4123131,9636821,60588459,17409864,46258449,3594968,59875148,4036578,76707049,3976190,37302043,6515763,30200091,27607024,37358409,70733206,26005320,109408927,28756913,31483099,96102990,17704942,50543585,105697690,27066793,39273765,4394841,6096627,7293677,1144936,1853476,1619490,5461003,1438650,3091715,1927388,1153131,799238,1287819,2122021,2232392,4201124,6685557,2936092,1092880,1495899,870463
320,320,1737103,3185108,3824867,11892427,9759738,4061145,3955117,3196856,8992838,3289589,6944017,32490862,15741308,27408258,2911918,32535767,2245639,26135931,2353219,13974532,5279647,21103828,19462635,30021399,55277912,26863347,103367981,27656397,36802182,72224653,22261566,38494706,89254972,21623279,34986381,3045070,4892298,5140474,786373,1000151,744052,7322756,1530093,1953279,1124128,1125670,898537,1449361,1553281,1649871,3031998,3025724,1561443,1020036,1363188,642366
168,168,2401320,4891711,5229256,15151233,14778343,5023863,6277059,7622397,13152826,5167034,11317409,75476080,17685420,39284420,3941435,59014184,3865413,71835757,4689028,37227505,7229272,30416795,25086046,32953459,57891747,29012647,114934073,30344907,33738645,116142785,17753798,47580382,114752032,27177128,40184177,4437739,5757481,5824365,1101153,1516291,1179994,16807811,2974174,6640236,3849595,844603,648196,947396,1374436,1400111,3460673,4786394,2275505,1190233,1279859,704595
314,314,1662643,3956629,3392270,11757997,13711843,3953817,5240134,3316382,8775303,3556918,7974527,41128300,13336781,31356952,2439695,39422657,2691935,42893975,2636746,20227821,6654018,26030581,25514170,30157138,64201827,23629340,103447179,30901991,40479831,89316219,27983517,44516361,109131305,25049589,41403181,4102888,5584627,5484139,728609,817524,643246,7777332,1567090,2386363,1482791,809534,363759,780795,933019,1254081,2092434,2771035,1173563,989277,1293254,742625
317,317,1936303,3777128,4388039,13947100,13062716,4673491,5514349,3698625,10258736,3771637,8812402,51218556,16469619,28257184,3591954,41408574,2886095,35754144,4373545,20845787,5486040,25666303,21536769,33543743,62902215,24718410,105501002,29428321,38789999,97123119,29834074,49976490,117105263,28758227,45526025,4338903,5614442,7070981,995210,1325546,1072474,6575056,1309408,2196807,1448360,1592261,599244,988516,1039675,1134671,2723107,2800340,1698348,1027492,1223342,704440
283,283,1999244,3709049,4472462,13564283,12562511,4426006,4974861,5518455,9863185,2712613,8343831,48126469,17309219,31907930,4132686,44098494,3454068,41019708,4587954,22195328,6758113,31828900,23722104,36394893,59800420,28279026,124573587,29633625,42164601,107146691,33798274,62799992,125772056,28123142,38834278,4964552,6198837,6688237,1009151,1232232,924182,18513575,3678036,3105235,2786136,888135,463165,579536,893163,742178,2075713,2344290,1157376,977929,1364682,782185
322,322,2220585,4073088,4440790,14826662,14066365,4916094,5788717,4278967,10726479,3786699,8478703,55001680,18160561,36130499,3490336,47792535,3104996,49037537,3866665,25354333,6703300,31167392,28448180,37829598,70439771,26168823,132286630,31210160,40195621,128182378,33677418,53341853,129799460,32562101,49185985,4731318,6496000,7365258,765511,1099145,872168,10068153,2155837,2758591,1910474,1133853,514967,686021,1026741,941548,2607327,3341867,1612372,864292,1103503,621643
208,208,739985,2351265,3514024,12998866,17045598,4031062,6553354,4531997,12572994,3994706,9346578,43357801,20838624,40614091,4133636,49241970,4355019,42936721,3799249,24690823,3896644,11681695,17958847,22685516,57390483,11570986,54315545,14811211,23937115,45342626,9088257,24724766,86796233,19542253,46377571,1573343,3799543,4905770,730935,976337,833943,5455198,1353653,8312436,1232981,1067307,1019271,1234107,2006065,1556396,3435475,4044699,2167151,988411,1006685,555080
245,245,1706760,4194394,4109589,13752363,15839143,4540031,6134959,4888891,10815473,4263430,8810736,53866285,20807913,41462153,3923068,55749092,3157840,55784965,3908003,29236109,4785682,21818882,24147591,34063578,74727195,19747879,97409001,23759668,39226609,91830244,27752489,46462858,135210626,32931145,56897201,5025274,8111993,10022730,1158393,1713571,1465737,6282709,1115052,2914760,1742170,1014575,774191,1233330,1474476,1603214,3413330,4107406,1991039,952884,1361209,841305
171,171,3110077,7416597,5075999,14707536,15308427,4949094,6041999,5701854,14114861,6373478,12982077,73302437,21243312,43107951,4924806,68362993,4576050,71237642,5800558,39578037,NA,32438469,26554364,17401267,34373624,30055342,131671575,34164939,37721030,125887599,13677615,34067303,108975088,15417564,25404321,4910937,5008036,5767062,856018,1197325,913570,19861252,4294658,12009579,2372959,1079554,1028027,1674872,2080194,2205756,5199815,6141689,3245615,1956160,1964990,1154008
323,323,1731456,2867055,4370293,12571227,10320660,4439323,4657838,2932367,8552920,4044541,6252215,31988017,16002458,28736286,2947213,34566770,2270710,30120512,2407028,15692044,5150101,21947900,16942278,34032645,54599086,28617607,94014549,22458565,35845218,71064386,22668478,42005532,89253696,25995355,40597617,2904310,4796743,5831217,805906,1050344,991531,6723685,1414622,2536061,1421994,1245512,930717,1931119,1630433,2282762,3388735,3607557,1837114,814385,1164822,541690
277,277,2056472,4808522,4455510,15078388,16401156,4820435,6325647,5242679,11969817,5491643,8625747,54854444,19971034,39675308,3845817,50749222,3147713,49289591,3938142,26466106,7007012,31703103,31881800,37680143,79729773,23657108,121320397,26324481,41813873,104268036,31597989,54844987,140041322,30057608,49551856,5491703,7921129,8449199,1283702,1582310,1199909,7306747,1418216,2551712,1198357,1645683,837975,1452363,1729234,2144104,3763270,4608960,2518041,770412,1008657,643659
169,169,2080644,4930361,4663343,13889364,15624969,4682790,6347765,8041411,13371071,4346455,13369600,81591439,22921747,45707756,5552056,73429345,5803229,79494953,6352709,39307677,8810617,27213964,26869793,30818821,55446259,25272669,100692155,27684159,32801206,90636624,15588504,41474051,108297155,23226726,35372899,4026938,4599578,4699621,842252,1132196,852945,16023986,3276202,10799573,3434691,1140853,901269,1099051,1865395,1482206,5005538,6268737,2726628,1042648,1308577,558432
170,170,1616999,3609533,3846834,12204082,13140785,4161068,5420280,5040138,11637094,3707251,9085460,49319782,18025800,41689058,3378301,50531459,3331900,54509615,3465533,28164023,4750631,19037965,21330245,24555105,48188487,28096321,97386773,24606227,27511086,76214854,12536565,32963840,94171332,18434773,33651604,2384405,4172832,5211357,781559,1004714,867554,10145040,2540742,17153397,2124454,761859,807296,1047491,1763213,1589396,3302750,4571305,2089913,1421938,1564105,871733
398,398,2455177,5293013,3786854,13768706,14842430,5163970,6472999,4964635,11085252,3784472,9597700,67756622,17235964,38994301,4562884,55924238,4265834,64298743,7696479,36795855,4762748,25371888,26642002,28961377,59541317,13605375,75876211,20366367,23940578,88471773,16932418,48040620,101470312,26108599,39579666,4062694,4808822,4375380,1022486,1204878,908976,11912855,3161674,6090687,3485334,1337239,430946,623032,963973,866036,2275605,3368754,2108605,1131819,1396301,831095
165,165,3206043,6222282,5379725,15059883,15591126,5318657,6058734,6980678,14446462,6136470,14371883,77332334,20484374,38902467,4765338,62579812,3985443,62017500,5649841,35340821,9251454,35778213,27455949,33323654,62125202,28685957,115553882,33282555,37762970,106889215,17587862,46855158,116096803,26326013,42207619,4972160,5861419,5887447,1053263,1182485,854524,18889722,3761223,5690641,2721346,1095814,834238,1297084,1677694,1627004,4429716,5015637,2703241,1332095,1370267,754867
361,361,1988409,4496051,2976349,10650790,11902567,3919612,5394721,3273374,9202311,3415634,8229381,48315690,14944673,32549049,2940858,41689408,2730103,44621027,3151207,22447440,7264038,27389180,28648347,26241052,53517064,14536992,81210788,20641731,30972233,84266743,18116480,45712786,102669893,21204143,29827758,4514174,4915759,6001960,770733,907862,799912,10201893,2966716,2295865,2036220,1366821,869138,1285755,1856338,1927670,3952005,5016726,2359063,1272817,1334194,737509
206,206,1110604,3263450,3800507,13596285,16891921,4359640,6606549,4265144,11447109,3649966,8402044,46025670,22418906,39882578,4516676,51036068,4704372,46309738,4306755,26185479,3742264,13836883,18959154,26639422,63667499,13616894,55684692,15446146,25667553,50422917,9945299,28138530,90169010,22376726,49102118,1824598,4283563,4574675,624921,802574,652408,7469644,1614631,5329988,2201531,783310,803038,1044038,1429563,1196364,2967227,3291086,1707122,1180759,1310512,755191
166,166,1432994,2836392,4147557,13578813,15178411,4110586,5704928,5290174,14097438,5596415,10823678,57558122,20513665,48461443,3525016,55202947,3159570,58236218,3630590,29840384,8997056,23351600,22006816,24143036,45070365,16837336,84906436,21528956,20885601,76490161,12939589,37161110,89011204,18235485,30390365,2784308,4623293,5154291,794225,1062011,893416,14982780,3342896,17516792,2184531,1483049,1133765,1778855,2667309,2785676,4460861,6368681,2936839,1195758,1065190,590043
244,244,2645651,4702167,4511184,14195395,12717786,4715525,5152711,3814016,13025575,4751301,9847373,52627247,20214016,39275027,4144659,48997928,2832503,44176340,3987211,24075518,6475681,31166960,26174347,38307526,65308741,32685659,137151566,34019407,45520729,115348354,35392159,67787477,148444794,32046099,48102377,5964750,8145658,10355333,1116374,1433575,1217011,13169574,2271899,2863326,2067649,1133528,1038518,1621470,1924834,2045169,4037826,4524071,2341856,1243330,1615909,976313
362,362,1997008,4117507,3243165,11310224,10995500,4437063,5235085,4608444,7763182,2636492,7177864,37898290,13327182,32170258,2488456,36325824,2714330,40306503,2374778,19033761,6313146,23706802,21976060,28752845,55989024,28843386,101423557,27420809,33108143,75958841,15439339,40437948,104222713,20192673,33270599,3488946,4934003,7057995,795654,1140488,1067197,7632523,2106916,1539309,1577306,924160,876733,1274656,1976174,2104814,3458312,4581691,1927478,864253,1001232,531182
321,321,1442873,3579107,3898972,13541567,16449046,4541357,6564704,4834034,9766155,4179106,9152948,47781749,16849699,39902954,2841622,47349448,3364962,53461811,2772768,24454619,6877287,23835318,26339916,33849695,77779862,34824243,131199421,32924989,45167648,95634794,27906229,44009378,125398082,27666620,48111969,3961163,6328483,7636136,937343,1238991,998036,7772404,1621333,2061148,1869930,1048359,533711,1144327,1209558,1834439,2608429,3646452,1470570,809280,1020710,524550
319,319,2224867,3752944,5198924,15919870,13106520,5477063,5744836,3930783,11606350,3922283,8724967,40589885,20300162,38055675,3626316,44189543,2811259,36670619,2952563,19589263,5521172,23495881,23880891,38174962,66890242,18634946,92556392,24291098,34266911,82670066,27431468,54741299,111831424,32316605,50115860,3575729,6070153,7513032,1121026,1461760,1339348,7643908,1426611,2773824,1521800,1893235,1316865,1892665,2504860,2349824,4673541,4991229,2638153,780885,1011112,502261
292,292,2295422,4547381,4087163,12232579,11310589,4254156,4684105,3451123,9509407,3600695,8526088,40447686,15748551,29962006,2643128,37190536,2600477,33170207,2330649,16067772,7602942,31107820,24313580,35157355,61985524,24892167,114861989,33210471,44992990,99866333,32089611,54144157,113353345,27480632,38324382,4723941,5561285,5601247,865278,971255,761582,10090612,1901507,2579670,1691107,1339257,684934,1080498,1348847,1535117,2931353,3391136,1618390,987076,1459505,757672
138,138,1160673,2816625,4529153,14746023,16441482,4257800,6383505,6252376,14720456,6119647,10514848,66677116,22965269,48302233,4173603,69018540,3733201,71757221,4618643,37143755,9663725,28306823,25989609,28908702,58839509,23931561,112987714,26539295,30373342,106507223,15610587,39062273,112313125,21378455,36351916,3548992,4796123,5716118,1160536,1584886,1276544,13924619,2918114,NA,2906443,1108350,685945,1099178,1505454,1529871,4001430,5153267,2833755,1524186,1834476,1150052
172,172,1582918,3733877,4315634,13677993,15285399,4357649,6050343,4134832,12091196,4810935,8930668,51669701,17322233,34912017,4772460,48756882,5442877,47093481,5226967,27458425,5693402,20352247,20599827,28448400,55293020,27004045,90520022,23153100,32090478,73363657,13031809,35096325,94631186,23308687,41168661,2953696,4703242,5343787,827493,998067,755824,8856506,1713688,6799196,2947702,921318,761804,1401445,1402337,1735913,3186518,3530476,1925383,1596251,1491608,784242
117,117,2519373,5844185,5675968,18540103,19172347,5863507,8009711,7688204,14499692,6872786,13378110,83222472,18430972,40524150,3766081,58246565,4265125,67768958,4377924,31095533,8293097,34327255,32206166,36414826,75150515,32869057,142418270,35134182,43399549,139972384,20105414,53230316,155993351,30013042,50862593,5634390,7487038,9278833,1220105,1528441,1175693,18279454,4134855,6020454,2844665,1305442,317779,811240,986470,1377971,2149288,3980832,1817825,1651124,2100980,1008608
176,176,1163293,3121672,3788904,13132578,17756929,3943823,6580152,4091383,11129373,4296147,9078356,52771075,17145136,37770602,3784896,46316665,4970435,50597739,3933655,24694255,5112834,18767578,19106279,29190203,61008919,25661309,89162806,23790548,33323164,78288616,11568036,30861796,99382035,23077119,45849141,2963586,4758845,5117106,758391,846955,627077,6526318,1312292,4494811,2235832,820466,759367,1168924,1716963,1678795,3344553,4549429,2034318,1151521,1298496,642873
284,284,1271402,3654121,3052729,10874900,12640973,3697652,4835234,2881954,8187527,3523664,6937581,33085935,16075994,29588686,2962273,37252451,2949348,33038245,2616079,16934849,4625601,17010973,19488840,28599584,67968152,15640648,71283023,19056209,32058316,64889644,20356512,31749048,94586711,24076546,43324017,3240160,6129717,5581601,792631,914545,660470,7577395,1440334,2791952,1178338,419806,281539,501169,496253,556375,1121177,1226811,557941,795568,1234427,703875
173,173,1145060,3054921,4911598,16254888,17125121,4875626,6328200,5275035,12664618,4201694,9691438,49759325,21931392,35627634,5846826,48376484,5213483,39329945,5916838,24026328,4003911,16080845,21837339,26042512,59982018,13285601,68244915,20199793,24753621,66881359,12782926,34759320,103578196,23408884,48791214,2562236,4772696,5611280,856991,1074306,793265,6753766,1391542,4720117,1759248,1496861,1363643,1729090,2211697,1803026,4547467,4592293,2824665,974936,1115833,539530
209,209,1786950,3057001,4098008,11551657,9145875,2863658,3001977,4152266,8869256,2750699,7202979,32347662,12008487,23521257,2493177,28861976,2049437,25791194,2258063,13761963,4509193,21712944,19071157,29835209,52117404,19296629,82536479,22621689,33641218,68530729,24705951,50932690,96433145,26737917,38786886,4191201,6362337,6993126,1387941,1884724,1411805,6181856,776286,1839626,699872,1136048,777537,996915,1416039,1260119,2806237,3058674,1554850,1171464,1380352,791161
210,210,1344516,2979551,3678858,11558500,11036398,2618412,3395502,3620993,8139583,2828692,6317141,36188643,15248269,29722074,2795819,36215128,2012096,32894313,2672754,17843222,4347174,20041394,20587630,27523391,50718159,28034529,129969484,31266535,39784203,115610695,33132746,56719055,135774410,29381270,45188845,4573396,6848583,10402053,1484840,2283922,2009547,8672171,1003099,1784088,1372432,620379,519613,944885,1023902,1208819,2035616,2327085,1146354,1058267,1509829,909810
101,101,2565967,5416043,5472970,15831498,15217879,5377583,6490285,6162391,13972686,4540724,12068917,71860370,18859510,40751329,4163360,59597736,3945936,67459061,4912601,33885806,7811490,34266793,29738592,40333506,68209429,31137716,128077769,35545198,37231145,130222267,20403072,52465040,127307661,25505704,36315368,4779351,5645808,6027203,1215464,1400564,924015,15798958,3838357,4705791,2603727,896854,430440,656426,1064612,972386,2621987,3720661,1760800,1300318,1614382,927990
184,184,961333,2684931,5004046,16260644,19195695,4887589,7170349,4272868,12992632,4648736,9023879,52154114,23745156,35736627,6628426,52770837,5798977,42859509,6738925,27255796,3300053,12689749,19383070,28799803,69253787,13223865,53305172,14330020,24988364,48904606,10264931,29878223,92949768,25525153,54014148,1912455,5484477,5230589,791739,1030452,810933,3274144,700778,5436209,882207,1162823,978380,1528942,1542105,1454947,3599504,3509685,2068065,1346859,1492115,748086
113,113,2282917,4668045,4960860,14610125,13851562,4756809,5849666,4379008,12134900,4820305,9448442,55390573,19772209,42090062,3115122,52310803,2958572,56273256,3044753,26786318,7420692,30094078,23723723,34336571,60086453,26423739,114776241,26380741,38832091,91409288,18336626,46835311,104780275,22985199,34348247,4072476,5411882,5808109,854218,1159492,919834,10054617,2333383,4039465,2074246,1112592,668205,1321480,1654149,2187931,3554306,4780006,2306262,1232140,1592104,899659
312,312,1015144,2538617,3354149,12046719,14023578,3938877,5561654,4238846,10340062,3074873,8292393,47461705,18118164,39719359,3005914,47411527,3029650,48728503,3082118,23501053,4605073,18911871,22703021,29972417,68419819,17785107,91073179,25306666,33159403,82537181,26056992,42103356,115378783,27434401,47349725,2972495,4754856,5251225,963758,1339210,1071484,2806661,588363,1435208,636914,802093,449988,567981,1011684,834376,2101995,2796888,1142983,562405,841368,502396
275,275,1609956,4335154,5015847,20781775,21421663,6255359,7824720,6483181,14980301,6376169,12100312,79105206,23735831,44702819,6226700,61422145,4739710,54750613,NA,33060599,4346331,20620227,26690327,35670796,91486642,16551938,87632464,21725673,37037124,96413491,29484243,63453517,162587866,41033932,NA,5009897,8891722,11716499,1714421,2280268,2136197,7483093,1483944,4304712,1674191,NA,723272,1458940,1353898,2013955,3757423,3875401,NA,841095,1002571,684852
276,276,2332690,4313393,5141100,15585316,13638449,4947355,5609780,4776468,10833403,5043647,9459910,62723544,17418898,35068757,4329006,54839692,3870024,57921270,6768225,31191202,7020948,35715610,26223078,43585143,72800136,22856500,107406584,24071557,40058859,103332847,34658725,68628534,135674397,33903418,48212318,5733892,7483641,8181721,1109972,1342606,1039712,8606235,1754717,2513706,1695093,2408771,433768,953761,992257,1382711,2830865,3550310,2265207,1123272,1488183,935279
141,141,2643976,4427701,6136867,15334747,11698285,5035929,5283449,8029924,14856067,7099157,13040458,67368838,21599798,35962285,5772996,59546981,4163047,51294855,6088262,29248641,8565213,34118723,21854044,32826745,46025046,38281737,134941033,31437519,38278088,111728056,19125934,49568183,100214790,22279887,28902438,4306885,4657529,4402231,1220042,1557307,1109981,27694998,NA,NA,4177612,1051456,828267,1640772,1488811,1776573,3754482,3967444,2136274,1879348,2272874,1211669
211,211,1066515,2506355,3971509,12322552,13250628,2695527,4080952,4340596,12896700,4158458,7576406,49385064,21118810,39833945,3908507,49937524,2534186,45968511,3643039,25006476,4288249,19446190,21785204,29193878,57089216,12585431,82349236,18816503,30013755,90734306,30615544,51337433,115558240,29639495,41280246,3867411,7252209,5861729,1201310,1596993,1256301,6620763,730017,2300379,1007370,991540,715160,964704,1411473,1161250,2967206,3430669,1721707,697477,982022,588292
212,212,2386329,4605445,4446368,13709867,12481091,3336671,3686594,4204194,10180644,4082467,8348854,49079400,17605505,31963199,3519958,45395024,2685946,42002051,3523891,22683746,7696339,32588633,26140035,35334296,63978951,46577293,179854807,41847451,62347308,150779235,37968856,62182109,160927879,29554676,48655971,7907843,9588015,9838774,1246096,1532097,1135804,13571506,1562849,2488763,1615067,1080219,1007470,1474256,1783508,1733877,4124600,4679117,2295185,997718,1427190,784545
213,213,1746496,3452855,4261995,13335330,12593907,3291575,3965128,4550433,11700595,6005859,8769691,50218306,16899371,33692484,3025589,45051397,2220189,43470750,3099105,23506683,4794554,25390301,23278942,33235706,60779180,24059553,117371633,27692809,38628793,108339041,35122349,62010859,145134369,32954553,50170532,5653980,7873625,10969833,1410261,1958182,1674097,8032919,1040394,2202226,1408008,1177017,730885,1570483,1422526,2004065,3322539,4089185,2090405,1303756,1579991,988497
177,177,1308230,3134620,4561061,14722751,15849899,4423015,5936501,3635658,13943544,4903807,8741566,50034186,23907892,43005606,5242930,55548983,5336150,47024842,4959893,29614463,3537757,14507275,17482344,25662222,53994983,16483780,69738862,17822200,26507566,53386312,10682314,30661527,83663227,22870890,43675465,1728035,4694748,5152059,958642,1318103,953159,5516585,1318187,8519692,2079501,762342,839611,1209040,1467799,1367888,3054386,3127515,1933854,1143511,1380036,756709
248,248,2132628,4215238,4270058,15120743,13764703,4805789,5477812,4870590,11583921,5518163,7999071,43798869,20607569,36596099,4017257,48647865,2555356,40707906,3654484,24897171,5500232,26038186,26683604,35994130,70705021,32763608,137489178,31893330,44772401,109951367,30740427,60734019,149911662,31046490,50588611,4930143,7827442,10385706,1618065,2361620,1823962,11160348,1754837,3788181,1856222,1110161,1298368,2514171,2168004,2789946,4374466,4405256,2416133,924467,1238852,706959
178,178,765396,2134706,4200316,14154257,18974852,4225755,7060155,5103231,15170056,4331798,10249906,56818047,26616626,47842450,5989228,59451057,6327773,51690789,5713562,29407176,3795699,13286320,17135071,29128122,62571117,16928010,71388453,18611846,28233007,61441036,11043204,30190893,95202218,25001545,51598642,1771988,4358003,5192415,847296,1066971,807965,5727212,1217021,4874142,2497965,647554,691729,855122,1186917,935438,2425000,2507525,1377040,1155092,1275033,669396
102,102,3621842,5806958,6941104,19652248,14615313,6517369,6538450,6701298,11206543,8459642,11635003,74324923,18550529,39225478,3755638,64642345,3545399,72281377,4800570,35593100,6088083,36463005,24050443,44013193,67489542,23598396,116894663,27659454,33166289,117280276,21552668,58119847,122855934,25975490,39814098,5023698,6755455,8563348,1104726,1759587,1544835,12379869,2761997,3351184,2347370,1488037,461699,1480921,1286006,2216811,3344998,5354711,2679206,1173171,1416074,852662
249,249,2427688,4276926,4990258,14779782,14120082,4867693,6027010,4466176,13158400,5324897,8400651,58629418,23334214,46029362,4375607,58075884,2981333,57543092,4307573,30934372,7395259,36472174,27750096,41721425,70012267,30923733,143225403,27247944,45608184,125407609,37717331,64252567,135682581,34811583,45775019,5881462,7441320,7736121,1293726,1691210,1390704,9260085,1645879,2797053,2096949,796383,749167,1309476,1407605,1719106,3062734,3774274,1896864,1048726,1464743,885288
286,286,1363209,2788874,4381893,14645888,13742186,4567760,5277217,4221565,11885752,4350964,9069243,43190779,18435108,38071881,2943520,46266162,2806919,43694793,2820904,21650331,4691771,22313299,21964846,36723080,71905260,18777895,97291595,27146819,33048908,90241058,28594118,48465055,119130453,32072587,52129710,3980414,7027531,7971491,1099716,1382638,1176768,5894256,1186102,2731541,1270657,1321968,672303,1067121,1449596,1446987,2950026,3564173,1763413,789743,1160241,686177
214,214,2195749,4022245,3744556,10722659,10479182,2831865,3422532,2560626,9001877,3689823,7702124,46313210,14996377,30555902,3361501,42137697,2688144,41713524,3685402,23212080,6104012,30550998,25497622,31493428,53061066,27764630,118020711,28483540,41786798,112783262,36242601,64844018,128749099,29411682,39305013,6561240,7088507,7895513,1005384,1325396,1059104,10935187,1344196,1766516,1440833,1060266,674522,1184515,1359632,1607950,3087187,3951245,1939218,1108003,1430867,880424
103,103,1592236,3815114,4434638,13421078,15798972,4346105,6784755,5318901,10891884,4047918,10738567,66236495,19752612,46813659,3654515,67177539,4027831,82030125,3902723,36651734,5773348,26861812,26185774,34375411,64083526,16272054,93764309,28430352,28610587,103702348,18937349,44756370,104043762,22716829,32926132,3309169,4978332,5011033,1077233,1580295,1345122,9126315,2284345,3097581,1759271,913805,366062,557666,1055069,962915,2561189,3982352,1723479,828351,1031117,657418
142,142,1830373,4085685,4781976,14298338,16102321,4623854,6614513,7476884,11957684,4821885,11890216,55943857,19547986,42733435,3576752,58217886,3569325,59886625,3644152,28742659,7331947,27037602,22071675,33514777,58349469,28790383,104717373,29157873,36295345,83294057,14473471,37074372,97682938,21940338,36538509,3482805,4766404,4888223,971715,1295557,1035038,14613199,3117208,5501013,3462394,1011955,671209,1189357,1609917,1727720,3302060,4693456,2148325,1431711,1933841,998592
179,179,1635932,3846035,4131674,13852815,14740459,4549344,5459394,4227113,11650929,3964756,8817145,45448305,20116321,36434143,4732117,45002350,4773289,39227482,4267462,22072812,5184694,16048598,18648623,23422360,51119264,19823743,78152600,21338728,29588007,55398999,11655368,30641583,88769619,19738594,39338166,2278236,4789615,4937238,653054,811701,606413,8087854,1922066,7316316,2045461,1051904,1129107,1565827,1979692,1813255,3912862,3978407,2135684,1257196,1137233,550738
143,143,3529575,7321648,5849687,15796424,14807687,5633397,6474354,8152421,13153655,6769086,NA,81180545,20654277,39887710,5491209,65972108,4975385,63736884,5933726,31525434,10316042,37642564,26447644,38782307,60349779,33605800,130772726,39629509,46980955,118424131,19273674,51466476,122155040,24807932,35517447,5930426,6598081,5754324,1047496,1256502,866372,29266554,6279914,8478295,3473540,1269102,665610,1446950,1509061,1869204,4347484,5008764,2558224,1768079,1931549,915287
250,250,2257268,3911487,5127251,14832970,13693679,4610888,5696332,4475400,11737512,5153906,8561381,59238056,20036251,39636178,3505133,51040289,2855814,53621733,3443713,26238783,7630056,36046320,24587140,40642141,64586981,33549169,138175320,29126608,50400727,124781884,37832520,60835250,129041770,34705230,46073097,6479686,7986588,7889049,1024297,1176076,967689,7708009,1302800,3540353,2007731,906077,669903,1118422,1259158,1438641,2821294,3630928,1615588,1202830,1604348,889992
180,180,1082402,3171290,4266271,14617560,16906432,4268256,6514112,3085985,13877461,5369548,9869253,50768666,20899623,39932545,5492123,52107201,5534234,44872968,5368812,28238801,4077014,16064637,20895372,25611019,58513902,12628783,68035741,20677767,26066045,60873448,11907910,33354555,93587768,21371273,40522522,2309081,4705080,5461541,965498,1244072,952216,5468127,1355676,8185537,1628903,966216,903739,1224619,1676727,1468227,3192137,3462938,2046935,1095559,1006687,539561
287,287,1804517,3737523,4017923,12820156,11362940,4370264,4769687,3009955,10447711,4080923,7878395,37368035,15360788,27669548,2770270,34227428,2180840,27439055,2382012,15577441,4482450,20500979,20410850,32048065,59071251,22542464,98456259,24234242,35287878,79356990,24096429,42322870,105684071,26982379,44568784,3471148,6085684,7295602,989361,1232011,1030985,5520352,1105650,2225663,894252,1580050,949234,1564380,1677493,1802575,3284834,3402801,2021930,1274013,1433990,866483
215,215,1980685,4161269,4184814,14273149,13717515,3481894,4120521,3055502,11056694,4516596,6963315,45435577,18882050,32757676,3322022,43565458,2198995,38710960,3330638,20664342,6349708,24801921,24688761,33706021,72071058,38669813,138783077,26279383,47336079,113012038,31545079,51563078,133696046,30970226,52379551,5916965,8185695,10133812,984052,1307994,1072671,15894413,1817565,2952711,2025873,1170671,1058968,2024696,1843332,2255284,4113103,4517762,2252450,1462055,2226530,1183200
144,144,1895930,3355824,4738954,13078962,11681322,4304773,5124292,5388652,10604863,4462529,8530420,45733417,16745155,37320130,2939564,48404040,2778631,49533813,2956555,25651654,6585246,25384612,19558863,30663981,48452989,30723777,107521191,22231123,32062811,81899239,16070664,40988073,82711858,20279511,29153144,2860123,4416609,4658524,988390,1281741,1071767,11313802,2713504,6582046,2351452,1046842,742847,1401353,1684456,2110232,3315342,4830881,2356723,1627713,1891820,1153881
104,104,3110004,5826626,6652541,18879849,16188988,6133186,6710848,7002147,14407973,6474691,12796525,77969342,16884305,45060902,3679612,62214706,4243448,81514714,4216299,37630088,7441585,38379259,26996164,46025353,70055892,34102032,144927911,37967957,38754766,142127009,22482516,57232427,128784425,27914444,41009884,4655127,6877605,6994797,1317761,1741865,1304022,22043664,4927406,6282074,3865264,1037753,352632,972693,1212902,1811417,2865235,5103342,2243439,1348382,1352640,985402
251,251,751423,1666831,3717363,11626727,11782976,3493682,4584275,4483843,10027103,3185353,6122448,39294935,18679972,37765166,3458238,42326299,2315460,40475549,3056179,21715910,2811176,15886225,18234499,29654498,57211296,11045287,70052970,17075340,22861934,75348178,24585317,44017305,100066458,27943856,41510314,2402125,5314255,4908464,1403735,1866523,1487944,7569319,956595,2559322,1670621,785606,612916,860351,1167698,1158876,2161562,2692643,1227500,797355,1082965,670264
145,145,1983659,5434120,4691446,16034622,19840797,4865694,7246745,6776134,15674464,8588932,15320720,85087540,21953122,45784744,4507480,71315592,4108133,74954110,5522871,36319234,7493929,27084878,28271846,30806378,68323857,18329175,96070950,25864294,35718819,96550451,16126124,45715391,118642514,27473539,48139300,4926925,6592598,7064276,1129878,1507484,1171989,10964806,2608924,8703072,2606372,2190001,776867,1456700,1872177,2014778,4766698,6379299,3618693,1460231,1509839,890213
146,146,2016481,4531272,4552164,13434259,14174634,4411250,5697305,6599824,10702677,5773846,9578673,54733284,15862797,35933636,3175412,50589652,3146831,56301575,3418385,27384073,9865554,29228603,23865083,28613295,54147304,31265136,117565354,27421987,37714367,94062212,14315397,38150076,104260963,19309693,31028485,3574892,5092506,5343921,930950,1236625,949688,14881967,3527211,12041194,2510950,1128318,596906,1398833,1410661,2056515,3315338,4941897,2266367,1622213,1781256,1051437
147,147,2175739,4406794,4933048,13140817,11535297,4364980,4851152,5895494,11034940,5497509,11393377,60453911,17689592,32984386,4153262,56520939,3432959,55016502,4781092,30580487,14130121,33874298,22524636,26267318,41449011,21739052,103287190,28736202,31718559,105742367,17088310,41814224,95905399,17114589,24706678,3813369,4319071,4906921,884573,1173545,875352,18366358,3959579,12314393,2485508,872569,516786,995430,1100732,1245500,3163390,3521918,1735848,1264282,2154607,897736
181,181,841037,2577277,4675273,17185922,19529593,4886814,6908572,4883667,13370798,5331428,10486470,61428618,25021716,38065409,NA,55600463,NA,42693031,9055888,28188505,2727209,10449701,18000522,26622295,63309473,10036895,54319588,11837228,22171964,54979462,10521285,29637062,98195134,25338067,60135448,1660773,4774308,5619815,1124834,1673892,1089655,4254231,1090186,8854929,1486692,1213698,1044601,1229672,1607778,1133695,3594246,3124964,1980795,931344,805975,355715
288,288,1049564,2903106,3502071,13083958,15158619,4259985,5669822,4337164,9575576,3850300,8010450,40917895,19228374,34296275,3112062,43937457,2864755,37936665,2787006,20457946,3764016,15831023,21532769,29790494,74602750,19792962,92235633,23345164,35714060,77837652,22358155,36067779,119544611,26687129,55298806,2934508,6537527,7305240,1309716,1691327,1336877,5736122,1099444,2604437,1012259,834773,493071,834850,864731,973258,1890533,2092234,1114142,791159,1136821,626857
148,148,1711543,3877135,4175689,13164474,14075811,4219169,5722172,5159401,12247803,5620925,9046764,59535693,19339739,40566844,3969170,61657367,3354644,65981418,4766070,35601069,8670831,28268960,24336847,31396759,57284016,18749995,92573291,22042913,30872097,84574704,15535865,41614600,102312789,21331833,32373574,3070617,4632700,4870533,1225439,1552473,1183326,8157282,1788761,4716391,1497932,821365,368787,709131,853186,999156,2375402,3218345,1726581,1212922,1345959,929805
149,149,1249964,3125846,3628741,11860121,14680655,3745419,5735038,5244908,11411407,7017128,10871660,60803213,17009944,41488882,3294810,59218865,3276279,69166884,3658450,33007548,12113316,27034839,27225408,23340218,46573577,16442307,89008268,26835430,24521808,89113052,13523570,34157468,107516626,16369140,28757648,3198788,5020842,5896302,1088884,1608092,1266105,13041054,3248037,NA,1265940,1701422,669783,1620964,1782932,2767505,4394035,6120090,3136828,1368856,1463266,916235
289,289,1568729,2826878,3792974,11838055,11033152,3833864,4730401,3560853,8562840,3616380,7356141,33858456,15043289,31885635,2398668,36951567,2347697,35808921,2204006,17316957,5342497,26684166,21352044,32752652,54682476,29828905,112986750,28862164,36783762,90954426,28774144,48152603,107884373,23772554,33135703,4420331,6163306,7643559,737576,936491,780107,5527820,1083737,1807732,951760,832586,489601,1019634,1047262,1556337,2139168,2631770,1187010,1179867,1697629,974091
182,182,1489768,3715482,5169621,16482637,18558779,4864457,7021167,3631737,14516067,6161487,9409277,57235302,23113293,45860381,5748755,61729900,5858452,58737998,6437578,35649286,4221934,17303272,19138244,30123429,61871458,18048036,73314166,17385466,28000433,62644202,12588263,33121523,91213795,27487559,47866977,2230107,5188022,5510505,919885,1260807,967540,4698892,1205375,7145874,1891746,1009915,843493,1599984,1655414,1929519,3617448,4298167,2619342,1276916,1371302,851016
105,105,2791822,5492470,5452987,16244410,14024650,5532992,6127278,6073646,13825019,7507470,11906062,61693023,19652829,46551964,3724841,58259659,3467647,62209878,3651913,30097072,7011536,34078968,29100143,40470695,67057578,31216382,149164823,38878221,39025271,135277632,21117630,59186835,137423043,26096079,38976567,4395358,6109202,6787642,1035749,1619293,1310443,19359824,4331025,4837948,2766592,1045378,547448,1301030,1597538,2279804,3042392,4869084,2487744,1388171,1573046,1040187
150,150,2083799,4810102,5327027,15718725,16246735,4694940,6551918,5705285,13792538,6905490,12194546,80171090,22971741,49286438,4671880,77580538,4892752,90868360,5392438,42438825,8532423,32034103,24193778,35480767,62255531,31027628,119354984,27500974,40702489,114549118,17971393,46142649,112916678,24850573,36845515,4819180,5713376,6365385,997079,1408568,1131755,15250595,3659751,12590607,3362638,922198,459297,917059,1108723,1304730,3016759,4687056,2181197,1438066,1935416,1104052
151,151,3588035,5704685,5814105,13031215,8843212,5205963,4412755,5547847,12008679,4837838,11625759,63302042,16970654,31868762,4713636,55655330,3857181,53988878,5742292,29336958,7638536,33835649,19377880,35326098,40913320,24830532,102194851,31398615,34844268,99332140,17827584,45931590,89134788,19250014,23815532,3893846,4217189,3735445,1013859,1123563,745378,28191481,7307040,15669420,3070273,1098039,583923,948260,1210842,1190980,3392565,4142370,2293155,1517146,1843467,1056200
252,252,1596634,3471601,4239628,13782909,15201085,4326664,6052492,5522771,12291841,4765023,9774745,56710594,19803390,37073083,3431046,51370262,3055614,49630981,3737737,26896634,5530543,27010572,25460485,35621939,71627140,24497733,104799338,28274202,36334738,93569213,27519558,47393903,134023947,31186061,53134863,5575066,7631437,9445681,1260406,1696584,1407807,10151236,1610394,2948745,1960006,1192055,598041,1022086,1132843,1256637,2893045,3421699,1667502,1211714,1675977,974781
290,290,1868738,3593498,4367674,13458272,12074471,4833473,4901771,4799025,8948771,3138121,7778395,35339517,17017190,34984441,2809576,40623824,2628140,36175834,2399638,18911329,5172756,21354956,22351258,34359328,63713938,27690140,105010414,29896923,37033967,77746437,24739112,43141030,98726653,26423640,42912739,2889586,5714630,6803519,1133526,1567907,1231646,6063587,1050855,2534660,1439406,1257201,871144,1269843,1812457,1812387,3303250,3758474,1941269,799775,1130126,632430
253,253,2302367,3945328,5021439,14958266,13262121,4630983,5352903,3641561,10221740,4032071,9098978,53505724,14997641,34656725,2927323,44244985,2989868,50412461,3270928,25185576,5673916,30122012,23945421,40119200,66228275,33534388,123863558,36114779,38242598,120692268,33298033,51017476,121161522,30458791,43152437,5057679,7992524,8282988,961241,1285105,1115126,10703050,1809778,3089920,2003784,1170675,503111,901487,1226574,1471017,2737961,4042100,1744634,1173228,1332515,862012
153,153,2520021,4842563,4888956,13213571,12632013,4501671,5253924,5642197,11889332,4045577,10116216,58480038,18414693,37579670,4181446,56173311,3587798,58731416,4712548,29742832,9846573,34142979,22083851,31825254,49742079,31477019,107262596,26952057,36716808,89330303,16473406,42736637,93093376,19063809,28143294,3302488,4115949,3380155,701007,754766,553035,NA,6406862,6795424,5866930,1373677,767765,976582,1702481,1401507,4361064,5446096,2919237,1301786,1579239,791603
106,106,3307900,6546991,5212354,14531158,13517776,5510015,5900331,6208142,14549264,6182131,11324190,70635160,19563511,40172194,3798061,62065179,3715907,65614337,4517834,33388928,10297527,40512562,28350514,39945906,68940778,40192959,150997180,36403931,47591350,131444395,20586584,55386758,129732998,24031703,36047502,5409823,6763348,6868135,1196537,1280786,861289,19128811,4022552,6079761,3369275,1535686,769329,1481377,1881847,2207725,4850570,6133460,3183056,1422407,1653405,957826
216,216,2709734,5295646,4942806,15120899,13710089,3925426,4495389,3612944,12507459,5238200,9692911,64225620,18552799,39414997,3965393,53791438,3237292,58504362,4541260,30041773,7248783,33446043,28045753,38494083,68514407,29623208,158798920,34602499,52424205,163260110,42082386,66486848,156129704,36641307,50365592,7049105,9511459,9466815,1392234,1884734,1471668,8092762,1077247,2389239,1144898,889270,612361,1017863,1311464,1376414,3110566,4406054,1942572,1042984,1416500,911810
254,254,1852589,4025261,3938480,12194305,12725258,3986348,5001713,4211498,9803767,4258716,8182297,51564397,15600699,29730388,2845072,40646336,2412398,40580099,3002154,21692368,5828235,26625789,24586412,32149366,62245120,26124318,117014233,29576320,38743422,108289306,30803911,48477254,128622043,27359185,44221088,5263018,6622785,8256530,1073167,1383613,1099087,13781897,2246965,2195492,2033280,1563821,685439,1171775,1395990,1575179,3378909,4116811,2012726,1097313,1175985,660654
107,107,1960586,4005819,5550055,17288510,17333247,5735233,7597378,8564299,17251593,7636565,12979217,67969079,32578550,NA,5241927,86641422,4548274,88039273,5007489,45370976,4592162,27234697,27696971,36555040,69188048,21197532,113904421,29200677,27302364,108958791,20812195,55295572,131245902,27034108,43076366,2842581,5890833,7813384,1454101,2558624,NA,15878558,3096000,6950388,3124444,1017888,713432,1341944,1673483,2061295,3094422,4428004,2195680,835255,1138002,651451
183,183,1584312,3718569,4405923,13812309,15783662,4332943,5975076,3765157,12772829,4118789,9015227,52493873,20314612,36212463,4325511,48623531,5014497,42972919,4155445,25009505,4583467,17868633,18101399,25335714,51889926,23268326,78947113,21255068,29457758,63111050,13163517,32409370,83281470,21634896,38074458,2517951,4842285,4943895,848099,982414,717520,6172353,1548935,6019010,1771904,724080,691246,996333,1272546,1153293,2685311,2909417,1551288,1245276,1421649,720109
108,108,1934282,3242725,5664964,16433702,12810399,5408458,6086898,8090471,13135134,4886937,10459841,60061158,19365736,44999037,3356009,54822224,3355882,66752291,3229163,29283529,5448657,31315536,20244775,38223686,60594623,31873032,118988412,28029785,31370455,98476461,19433471,50839275,103430631,26646513,35542985,3235636,5188882,5500811,1121727,1652879,1380439,18375370,3978735,4717488,3868002,1220899,711067,1469185,1991087,2636516,3468780,5721633,2344809,1270016,1748662,940605
217,217,2457320,4491812,4392608,12197348,11504202,3406039,3987409,4092821,9675144,3966579,9482341,52782300,15104784,31255746,2999669,44047404,2602082,46109614,3396175,23504739,7635815,34591438,27143415,38264136,62122103,37074621,152246795,43779664,50009251,138487313,39461087,66546811,146595876,32712195,45287412,7444094,7926751,9148875,1016909,1310894,990649,9667253,1175299,2463180,1828237,826458,531419,839788,1208568,1136434,2824080,3648648,1646266,867973,1079233,658465
218,218,1829563,3915334,4239058,11917751,11645679,3128161,4011732,3831934,10131282,4675269,8499432,57511419,15430325,29268688,2995399,45568900,2533601,47279148,3509911,24445876,6883011,30733395,23233952,33494403,55660312,26012629,116940198,27292254,43015412,124828271,37986679,59931585,136989666,32749560,45790598,6830356,7201168,9200022,1014935,1335873,1117135,14993436,1974738,2732635,2548149,1356126,639689,1268498,1313352,1663802,3761269,4483667,2133299,1251020,1530262,880777
154,154,1237097,2927589,4179422,12800616,14455919,4038342,5807861,6788859,13987370,5657014,11061985,55313332,22509422,51631194,4125443,63298471,3757212,67798877,4114451,33575054,NA,29947299,23336793,23362703,48833868,20410897,94061972,24730542,27301272,77789820,13998373,33610384,88325782,17502853,28961308,2564620,3987020,4409759,978635,1453273,1144922,9728832,2406242,13826955,1206800,542746,364078,581169,980526,943924,2035795,2908736,1256213,1042771,1392779,916067
291,291,1418531,2566805,4396975,13270501,12592506,4282636,5158371,3328221,9480022,4253380,7832302,37910033,17841787,32128937,3224339,41641375,2696632,37658228,2965951,19621184,5122578,24391671,21708957,35389751,62945076,22403445,90820355,23784362,35596594,75308919,26204755,47394925,100894660,27415681,42220156,3776237,6430819,6252756,1062238,1274705,979287,6162745,1236178,2360682,1077830,1094901,555073,1042498,1092480,1252770,2384772,2758171,1346982,773638,1244020,627421
155,155,2193360,3978298,5765708,15563728,14428338,5003586,5873887,5991895,11605170,6417895,15996897,68529325,16964095,40553997,3206357,66882696,3335406,75494870,3712037,32673199,5010279,26694717,19669165,35966772,56471929,23054672,111619879,41907950,29930830,109003029,18491902,46394507,104133780,24604586,37618697,4202920,5352602,5980667,1074098,1540902,1189255,19467158,6416851,NA,3435302,1095364,544039,1111740,1628724,1839847,4482071,5981576,2722388,1174134,1687972,899466
156,156,1863109,4126411,5104591,16017936,16524440,5144613,6872453,7145744,11679898,8014803,9743667,58930908,20004387,40500234,4103649,61876722,3457393,63884025,4571286,34404949,6839815,25575793,23018645,36121632,65323180,24666452,108444798,25761684,30846387,101144783,15895146,44843131,105853942,25570894,38779176,3132444,5292098,5780709,1196944,1905999,1555340,8130590,2145367,6174955,1444115,1145286,686045,1383182,1564084,1792527,3897331,5049996,2717063,1023291,1454576,876354
219,219,1720715,3275472,3535228,10557428,10603536,2957385,3500286,3922196,7973085,3401072,5845188,37172031,12407819,26178286,2380641,34154106,1816071,35932060,2728470,19996085,4293825,23912517,22324915,26172993,48837070,23817244,102253749,23118876,30991502,98426307,31492899,54294122,124378618,23793287,35444552,4874484,5787861,8051724,1034955,1448167,1171715,13596377,1845917,1866103,1559799,1469916,714956,1088272,1509150,1620151,3249692,4120464,2120286,918760,1085733,711583
152,152,3170141,5693515,5666981,14577471,13028090,5160283,5724496,5729615,12998224,6015618,11697440,69272339,21385087,37304503,4796800,64765236,3874320,60525074,5309780,31319829,11690518,35805217,24456642,33960458,48678186,31729548,134582857,32853686,36035007,131937451,18251362,48481770,111020771,20747280,27509898,4590790,4752130,5073249,993267,1411055,1115143,28188779,NA,NA,3527600,915088,669102,1149847,1375077,1326270,4183748,4601560,2257744,1352014,2432690,952325
297,297,1725462,3467377,3457580,11257244,12414661,3900366,4930762,4180364,8855221,2859192,7774260,41819832,17312443,32618500,2907684,42566755,2704780,40421291,2646003,19076177,5981203,25957640,24575095,28317626,59096410,23382880,106989893,26750175,36281804,89612700,27725655,42932058,125519666,24213885,42015251,4481478,6229744,6918489,883262,1058838,846432,13537531,2778352,2724881,2525594,929696,596686,849374,1137764,1064598,2674356,3008241,1336966,1045737,1682708,857595
220,220,1781832,3159857,4996223,14931268,14086764,4039115,4729933,5263134,10346454,4509064,9286115,45158119,21466417,36447107,3853679,51631440,2894175,45581771,3527527,24149488,5189997,26885121,23036935,35343911,64280275,25679037,103963172,29941834,36910345,94042217,30600149,57657833,132093659,32003588,54912738,5855963,8497083,9992304,904037,1074465,953232,19054058,1892396,3664221,2580003,1318333,926574,1601530,1583956,1760729,3719554,3824391,1865781,1114045,1588257,785194
